﻿{
  "__base_type": "Trigger",
  "actions": [
    {
      "function_id": "Timer_StartTimer",
      "is_enabled": true,
      "parameters": [
        {
          "expressions": [
            {
              "type": "Variable",
              "variable": {
                "indices": [],
                "variable_id": "StormgatePrepareTimer"
              }
            }
          ],
          "id": "timer"
        },
        {
          "expressions": [
            {
              "type": "Value",
              "value": {
                "type": {
                  "directive": "FunctionType",
                  "implements": "",
                  "inner_type": "",
                  "param_id": "",
                  "sub_directive": "None",
                  "tags": [],
                  "type": "Time"
                },
                "value": "194.0"
              }
            }
          ],
          "id": "duration"
        },
        {
          "expressions": [
            {
              "preset": {
                "preset_id": "Timer_RepeatingOption",
                "value_id": "oneshot"
              },
              "type": "Preset"
            }
          ],
          "id": "repeating"
        }
      ],
      "sub_functions": []
    },
    {
      "function_id": "Environment_SetTimeOfDayScale",
      "is_enabled": true,
      "parameters": [
        {
          "expressions": [
            {
              "type": "Value",
              "value": {
                "type": {
                  "directive": "FunctionType",
                  "implements": "",
                  "inner_type": "",
                  "param_id": "",
                  "sub_directive": "None",
                  "tags": [],
                  "type": "Value"
                },
                "value": "0.5"
              }
            }
          ],
          "id": "scale"
        }
      ],
      "sub_functions": []
    },
    {
      "function_id": "Variable_SetVariable",
      "is_enabled": true,
      "parameters": [
        {
          "expressions": [
            {
              "type": "Variable",
              "variable": {
                "indices": [
                  {
                    "type": "Value",
                    "value": {
                      "type": {
                        "directive": "FunctionType",
                        "implements": "",
                        "inner_type": "",
                        "param_id": "",
                        "sub_directive": "None",
                        "tags": [],
                        "type": "Integer"
                      },
                      "value": "0"
                    }
                  }
                ],
                "variable_id": "StormgateGroup"
              }
            }
          ],
          "id": "variable"
        },
        {
          "expressions": [
            {
              "function": {
                "function_id": "Unit_GetUnitFromPlacedName",
                "is_enabled": true,
                "parameters": [
                  {
                    "expressions": [
                      {
                        "preset": {
                          "preset_id": "Player_AnyPlayer",
                          "value_id": "any"
                        },
                        "type": "Preset"
                      }
                    ],
                    "id": "player"
                  },
                  {
                    "expressions": [
                      {
                        "type": "Value",
                        "value": {
                          "type": {
                            "directive": "FunctionType",
                            "implements": "",
                            "inner_type": "",
                            "param_id": "",
                            "sub_directive": "None",
                            "tags": [],
                            "type": "String"
                          },
                          "value": "StormgateSubmerged1"
                        }
                      }
                    ],
                    "id": "name"
                  }
                ],
                "sub_functions": []
              },
              "type": "Function"
            }
          ],
          "id": "value"
        }
      ],
      "sub_functions": []
    },
    {
      "function_id": "Variable_SetVariable",
      "is_enabled": true,
      "parameters": [
        {
          "expressions": [
            {
              "type": "Variable",
              "variable": {
                "indices": [
                  {
                    "type": "Value",
                    "value": {
                      "type": {
                        "directive": "FunctionType",
                        "implements": "",
                        "inner_type": "",
                        "param_id": "",
                        "sub_directive": "None",
                        "tags": [],
                        "type": "Integer"
                      },
                      "value": "1"
                    }
                  }
                ],
                "variable_id": "StormgateGroup"
              }
            }
          ],
          "id": "variable"
        },
        {
          "expressions": [
            {
              "function": {
                "function_id": "Unit_GetUnitFromPlacedName",
                "is_enabled": true,
                "parameters": [
                  {
                    "expressions": [
                      {
                        "preset": {
                          "preset_id": "Player_AnyPlayer",
                          "value_id": "any"
                        },
                        "type": "Preset"
                      }
                    ],
                    "id": "player"
                  },
                  {
                    "expressions": [
                      {
                        "type": "Value",
                        "value": {
                          "type": {
                            "directive": "FunctionType",
                            "implements": "",
                            "inner_type": "",
                            "param_id": "",
                            "sub_directive": "None",
                            "tags": [],
                            "type": "String"
                          },
                          "value": "StormgateSubmerged2"
                        }
                      }
                    ],
                    "id": "name"
                  }
                ],
                "sub_functions": []
              },
              "type": "Function"
            }
          ],
          "id": "value"
        }
      ],
      "sub_functions": []
    },
    {
      "function_id": "Variable_SetVariable",
      "is_enabled": true,
      "parameters": [
        {
          "expressions": [
            {
              "type": "Variable",
              "variable": {
                "indices": [
                  {
                    "type": "Value",
                    "value": {
                      "type": {
                        "directive": "FunctionType",
                        "implements": "",
                        "inner_type": "",
                        "param_id": "",
                        "sub_directive": "None",
                        "tags": [],
                        "type": "Integer"
                      },
                      "value": "2"
                    }
                  }
                ],
                "variable_id": "StormgateGroup"
              }
            }
          ],
          "id": "variable"
        },
        {
          "expressions": [
            {
              "function": {
                "function_id": "Unit_GetUnitFromPlacedName",
                "is_enabled": true,
                "parameters": [
                  {
                    "expressions": [
                      {
                        "preset": {
                          "preset_id": "Player_AnyPlayer",
                          "value_id": "any"
                        },
                        "type": "Preset"
                      }
                    ],
                    "id": "player"
                  },
                  {
                    "expressions": [
                      {
                        "type": "Value",
                        "value": {
                          "type": {
                            "directive": "FunctionType",
                            "implements": "",
                            "inner_type": "",
                            "param_id": "",
                            "sub_directive": "None",
                            "tags": [],
                            "type": "String"
                          },
                          "value": "StormgateSubmerged3"
                        }
                      }
                    ],
                    "id": "name"
                  }
                ],
                "sub_functions": []
              },
              "type": "Function"
            }
          ],
          "id": "value"
        }
      ],
      "sub_functions": []
    }
  ],
  "based_on": "Trigger",
  "conditions": [],
  "dev_only": false,
  "enabled": true,
  "events": [],
  "id": "Init_StormgateObjectives",
  "variables": []
}