﻿{
  "__base_type": "Trigger",
  "actions": [
    {
      "function_id": "Variable_SetVariable",
      "is_enabled": true,
      "parameters": [
        {
          "expressions": [
            {
              "type": "Variable",
              "variable": {
                "indices": [],
                "variable_id": "StormgatePointFound"
              }
            }
          ],
          "id": "variable"
        },
        {
          "expressions": [
            {
              "type": "Value",
              "value": {
                "type": {
                  "directive": "FunctionType",
                  "implements": "",
                  "inner_type": "",
                  "param_id": "",
                  "sub_directive": "None",
                  "tags": [],
                  "type": "Boolean"
                },
                "value": "false"
              }
            }
          ],
          "id": "value"
        }
      ],
      "sub_functions": []
    },
    {
      "function_id": "Variable_SetVariable",
      "is_enabled": true,
      "parameters": [
        {
          "expressions": [
            {
              "type": "Variable",
              "variable": {
                "indices": [],
                "variable_id": "StormgateUseSymmetricalRewards"
              }
            }
          ],
          "id": "variable"
        },
        {
          "expressions": [
            {
              "type": "Value",
              "value": {
                "type": {
                  "directive": "FunctionType",
                  "implements": "",
                  "inner_type": "",
                  "param_id": "",
                  "sub_directive": "None",
                  "tags": [],
                  "type": "Boolean"
                },
                "value": "false"
              }
            }
          ],
          "id": "value"
        }
      ],
      "sub_functions": []
    },
    {
      "function_id": "Variable_SetVariable",
      "is_enabled": true,
      "parameters": [
        {
          "expressions": [
            {
              "type": "Variable",
              "variable": {
                "indices": [
                  {
                    "type": "Value",
                    "value": {
                      "type": {
                        "directive": "FunctionType",
                        "implements": "",
                        "inner_type": "",
                        "param_id": "",
                        "sub_directive": "None",
                        "tags": [],
                        "type": "Integer"
                      },
                      "value": "0"
                    }
                  }
                ],
                "variable_id": "StormgateCurrentSymmetricalRewardsGroup"
              }
            }
          ],
          "id": "variable"
        },
        {
          "expressions": [
            {
              "type": "Value",
              "value": {
                "type": {
                  "directive": "FunctionType",
                  "implements": "",
                  "inner_type": "",
                  "param_id": "",
                  "sub_directive": "None",
                  "tags": [],
                  "type": "Integer"
                },
                "value": "-1"
              }
            }
          ],
          "id": "value"
        }
      ],
      "sub_functions": []
    },
    {
      "function_id": "Variable_SetVariable",
      "is_enabled": true,
      "parameters": [
        {
          "expressions": [
            {
              "type": "Variable",
              "variable": {
                "indices": [
                  {
                    "type": "Value",
                    "value": {
                      "type": {
                        "directive": "FunctionType",
                        "implements": "",
                        "inner_type": "",
                        "param_id": "",
                        "sub_directive": "None",
                        "tags": [],
                        "type": "Integer"
                      },
                      "value": "1"
                    }
                  }
                ],
                "variable_id": "StormgateCurrentSymmetricalRewardsGroup"
              }
            }
          ],
          "id": "variable"
        },
        {
          "expressions": [
            {
              "type": "Value",
              "value": {
                "type": {
                  "directive": "FunctionType",
                  "implements": "",
                  "inner_type": "",
                  "param_id": "",
                  "sub_directive": "None",
                  "tags": [],
                  "type": "Integer"
                },
                "value": "-1"
              }
            }
          ],
          "id": "value"
        }
      ],
      "sub_functions": []
    },
    {
      "function_id": "Variable_SetVariable",
      "is_enabled": true,
      "parameters": [
        {
          "expressions": [
            {
              "type": "Variable",
              "variable": {
                "indices": [
                  {
                    "type": "Value",
                    "value": {
                      "type": {
                        "directive": "FunctionType",
                        "implements": "",
                        "inner_type": "",
                        "param_id": "",
                        "sub_directive": "None",
                        "tags": [],
                        "type": "Integer"
                      },
                      "value": "2"
                    }
                  }
                ],
                "variable_id": "StormgateCurrentSymmetricalRewardsGroup"
              }
            }
          ],
          "id": "variable"
        },
        {
          "expressions": [
            {
              "type": "Value",
              "value": {
                "type": {
                  "directive": "FunctionType",
                  "implements": "",
                  "inner_type": "",
                  "param_id": "",
                  "sub_directive": "None",
                  "tags": [],
                  "type": "Integer"
                },
                "value": "-1"
              }
            }
          ],
          "id": "value"
        }
      ],
      "sub_functions": []
    },
    {
      "function_id": "General_WhileLoop",
      "is_enabled": true,
      "parameters": [],
      "sub_functions": [
        {
          "functions": [
            {
              "function_id": "Logic_Comparison",
              "is_enabled": true,
              "parameters": [
                {
                  "expressions": [
                    {
                      "type": "Variable",
                      "variable": {
                        "indices": [],
                        "variable_id": "StormgatePointFound"
                      }
                    }
                  ],
                  "id": "value1"
                },
                {
                  "expressions": [
                    {
                      "preset": {
                        "preset_id": "Logic_ComparisonOperator",
                        "value_id": "eq"
                      },
                      "type": "Preset"
                    }
                  ],
                  "id": "op"
                },
                {
                  "expressions": [
                    {
                      "type": "Value",
                      "value": {
                        "type": {
                          "directive": "FunctionType",
                          "implements": "",
                          "inner_type": "",
                          "param_id": "",
                          "sub_directive": "None",
                          "tags": [],
                          "type": "Boolean"
                        },
                        "value": "false"
                      }
                    }
                  ],
                  "id": "value2"
                }
              ],
              "sub_functions": []
            }
          ],
          "id": "conditions"
        },
        {
          "functions": [
            {
              "function_id": "Variable_SetVariable",
              "is_enabled": true,
              "parameters": [
                {
                  "expressions": [
                    {
                      "type": "Variable",
                      "variable": {
                        "indices": [],
                        "variable_id": "CurrentStormgateIndex"
                      }
                    }
                  ],
                  "id": "variable"
                },
                {
                  "expressions": [
                    {
                      "function": {
                        "function_id": "Random_Integer",
                        "is_enabled": true,
                        "parameters": [
                          {
                            "expressions": [
                              {
                                "type": "Value",
                                "value": {
                                  "type": {
                                    "directive": "FunctionType",
                                    "implements": "",
                                    "inner_type": "",
                                    "param_id": "",
                                    "sub_directive": "None",
                                    "tags": [],
                                    "type": "Integer"
                                  },
                                  "value": "0"
                                }
                              }
                            ],
                            "id": "min"
                          },
                          {
                            "expressions": [
                              {
                                "type": "Value",
                                "value": {
                                  "type": {
                                    "directive": "FunctionType",
                                    "implements": "",
                                    "inner_type": "",
                                    "param_id": "",
                                    "sub_directive": "None",
                                    "tags": [],
                                    "type": "Integer"
                                  },
                                  "value": "2"
                                }
                              }
                            ],
                            "id": "max"
                          }
                        ],
                        "sub_functions": []
                      },
                      "type": "Function"
                    }
                  ],
                  "id": "value"
                }
              ],
              "sub_functions": []
            },
            {
              "function_id": "General_IfThenElse",
              "is_enabled": true,
              "parameters": [],
              "sub_functions": [
                {
                  "functions": [
                    {
                      "function_id": "Logic_Comparison",
                      "is_enabled": true,
                      "parameters": [
                        {
                          "expressions": [
                            {
                              "type": "Variable",
                              "variable": {
                                "indices": [
                                  {
                                    "type": "Variable",
                                    "variable": {
                                      "indices": [],
                                      "variable_id": "CurrentStormgateIndex"
                                    }
                                  }
                                ],
                                "variable_id": "ActiveStormgatePoints"
                              }
                            }
                          ],
                          "id": "value1"
                        },
                        {
                          "expressions": [
                            {
                              "preset": {
                                "preset_id": "Logic_ComparisonOperator",
                                "value_id": "eq"
                              },
                              "type": "Preset"
                            }
                          ],
                          "id": "op"
                        },
                        {
                          "expressions": [
                            {
                              "type": "Value",
                              "value": {
                                "type": {
                                  "directive": "FunctionType",
                                  "implements": "",
                                  "inner_type": "",
                                  "param_id": "",
                                  "sub_directive": "None",
                                  "tags": [],
                                  "type": "Integer"
                                },
                                "value": "0"
                              }
                            }
                          ],
                          "id": "value2"
                        }
                      ],
                      "sub_functions": []
                    }
                  ],
                  "id": "if"
                },
                {
                  "functions": [
                    {
                      "function_id": "Variable_SetVariable",
                      "is_enabled": true,
                      "parameters": [
                        {
                          "expressions": [
                            {
                              "type": "Variable",
                              "variable": {
                                "indices": [
                                  {
                                    "type": "Variable",
                                    "variable": {
                                      "indices": [],
                                      "variable_id": "CurrentStormgateIndex"
                                    }
                                  }
                                ],
                                "variable_id": "ActiveStormgatePoints"
                              }
                            }
                          ],
                          "id": "variable"
                        },
                        {
                          "expressions": [
                            {
                              "type": "Value",
                              "value": {
                                "type": {
                                  "directive": "FunctionType",
                                  "implements": "",
                                  "inner_type": "",
                                  "param_id": "",
                                  "sub_directive": "None",
                                  "tags": [],
                                  "type": "Integer"
                                },
                                "value": "2"
                              }
                            }
                          ],
                          "id": "value"
                        }
                      ],
                      "sub_functions": []
                    },
                    {
                      "function_id": "Variable_SetVariable",
                      "is_enabled": true,
                      "parameters": [
                        {
                          "expressions": [
                            {
                              "type": "Variable",
                              "variable": {
                                "indices": [],
                                "variable_id": "StormgatePointFound"
                              }
                            }
                          ],
                          "id": "variable"
                        },
                        {
                          "expressions": [
                            {
                              "type": "Value",
                              "value": {
                                "type": {
                                  "directive": "FunctionType",
                                  "implements": "",
                                  "inner_type": "",
                                  "param_id": "",
                                  "sub_directive": "None",
                                  "tags": [],
                                  "type": "Boolean"
                                },
                                "value": "true"
                              }
                            }
                          ],
                          "id": "value"
                        }
                      ],
                      "sub_functions": []
                    },
                    {
                      "function_id": "Unit_IssueOrderWithNoTarget",
                      "is_enabled": true,
                      "parameters": [
                        {
                          "expressions": [
                            {
                              "type": "Variable",
                              "variable": {
                                "indices": [
                                  {
                                    "type": "Variable",
                                    "variable": {
                                      "indices": [],
                                      "variable_id": "CurrentStormgateIndex"
                                    }
                                  }
                                ],
                                "variable_id": "StormgateGroup"
                              }
                            }
                          ],
                          "id": "unit"
                        },
                        {
                          "expressions": [
                            {
                              "type": "Value",
                              "value": {
                                "type": {
                                  "directive": "TypeRef",
                                  "implements": "ability_data",
                                  "inner_type": "",
                                  "param_id": "",
                                  "sub_directive": "None",
                                  "tags": [],
                                  "type": ""
                                },
                                "value": "MorphToStormgateObjectiveLv2"
                              }
                            }
                          ],
                          "id": "order"
                        },
                        {
                          "expressions": [
                            {
                              "type": "Value",
                              "value": {
                                "type": {
                                  "directive": "FunctionType",
                                  "implements": "",
                                  "inner_type": "",
                                  "param_id": "",
                                  "sub_directive": "None",
                                  "tags": [],
                                  "type": "Integer"
                                },
                                "value": "0"
                              }
                            }
                          ],
                          "id": "order_index"
                        },
                        {
                          "expressions": [
                            {
                              "preset": {
                                "preset_id": "Unit_OrderQueueOptions",
                                "value_id": "replace"
                              },
                              "type": "Preset"
                            }
                          ],
                          "id": "queue_order"
                        }
                      ],
                      "sub_functions": []
                    },
                    {
                      "function_id": "Actor_ApplyBuff",
                      "is_enabled": true,
                      "parameters": [
                        {
                          "expressions": [
                            {
                              "type": "Value",
                              "value": {
                                "type": {
                                  "directive": "TypeRef",
                                  "implements": "",
                                  "inner_type": "",
                                  "param_id": "",
                                  "sub_directive": "None",
                                  "tags": [],
                                  "type": "Buff"
                                },
                                "value": "StormgateActivating_Buff"
                              }
                            }
                          ],
                          "id": "buff"
                        },
                        {
                          "expressions": [
                            {
                              "type": "Value",
                              "value": {
                                "type": {
                                  "directive": "FunctionType",
                                  "implements": "",
                                  "inner_type": "",
                                  "param_id": "",
                                  "sub_directive": "None",
                                  "tags": [],
                                  "type": "Integer"
                                },
                                "value": "1"
                              }
                            }
                          ],
                          "id": "stacks"
                        },
                        {
                          "expressions": [
                            {
                              "type": "Variable",
                              "variable": {
                                "indices": [
                                  {
                                    "type": "Variable",
                                    "variable": {
                                      "indices": [],
                                      "variable_id": "CurrentStormgateIndex"
                                    }
                                  }
                                ],
                                "variable_id": "StormgateGroup"
                              }
                            }
                          ],
                          "id": "target"
                        },
                        {
                          "expressions": [
                            {
                              "type": "Variable",
                              "variable": {
                                "indices": [
                                  {
                                    "type": "Variable",
                                    "variable": {
                                      "indices": [],
                                      "variable_id": "CurrentStormgateIndex"
                                    }
                                  }
                                ],
                                "variable_id": "StormgateGroup"
                              }
                            }
                          ],
                          "id": "source"
                        }
                      ],
                      "sub_functions": []
                    }
                  ],
                  "id": "then"
                },
                {
                  "functions": [],
                  "id": "else"
                }
              ]
            }
          ],
          "id": "actions"
        }
      ]
    },
    {
      "function_id": "Variable_SetVariable",
      "is_enabled": true,
      "parameters": [
        {
          "expressions": [
            {
              "type": "Variable",
              "variable": {
                "indices": [],
                "variable_id": "CurrentStormgateLocation"
              }
            }
          ],
          "id": "variable"
        },
        {
          "expressions": [
            {
              "function": {
                "function_id": "Actor_GetPosition",
                "is_enabled": true,
                "parameters": [
                  {
                    "expressions": [
                      {
                        "type": "Variable",
                        "variable": {
                          "indices": [
                            {
                              "type": "Variable",
                              "variable": {
                                "indices": [],
                                "variable_id": "CurrentStormgateIndex"
                              }
                            }
                          ],
                          "variable_id": "StormgateGroup"
                        }
                      }
                    ],
                    "id": "actor"
                  }
                ],
                "sub_functions": []
              },
              "type": "Function"
            }
          ],
          "id": "value"
        }
      ],
      "sub_functions": []
    },
    {
      "function_id": "Trigger_Run",
      "is_enabled": true,
      "parameters": [
        {
          "expressions": [
            {
              "type": "Value",
              "value": {
                "type": {
                  "directive": "TypeRef",
                  "implements": "",
                  "inner_type": "",
                  "param_id": "",
                  "sub_directive": "None",
                  "tags": [],
                  "type": "Trigger"
                },
                "value": "SetStormgateObjectiveLv2Reward_DiscoverableDummy"
              }
            }
          ],
          "id": "trigger"
        },
        {
          "expressions": [
            {
              "preset": {
                "preset_id": "Trigger_CheckIgnoreConditions",
                "value_id": "check"
              },
              "type": "Preset"
            }
          ],
          "id": "conditions"
        },
        {
          "expressions": [
            {
              "preset": {
                "preset_id": "Trigger_WaitDontWait",
                "value_id": "nowait"
              },
              "type": "Preset"
            }
          ],
          "id": "wait"
        },
        {
          "expressions": [
            {
              "preset": {
                "preset_id": "Time_Forever",
                "value_id": "forever"
              },
              "type": "Preset"
            }
          ],
          "id": "timeout"
        }
      ],
      "sub_functions": []
    },
    {
      "function_id": "Trigger_Run",
      "is_enabled": true,
      "parameters": [
        {
          "expressions": [
            {
              "type": "Value",
              "value": {
                "type": {
                  "directive": "TypeRef",
                  "implements": "",
                  "inner_type": "",
                  "param_id": "",
                  "sub_directive": "None",
                  "tags": [],
                  "type": "Trigger"
                },
                "value": "SpawnStormgateRevealers"
              }
            }
          ],
          "id": "trigger"
        },
        {
          "expressions": [
            {
              "preset": {
                "preset_id": "Trigger_CheckIgnoreConditions",
                "value_id": "check"
              },
              "type": "Preset"
            }
          ],
          "id": "conditions"
        },
        {
          "expressions": [
            {
              "preset": {
                "preset_id": "Trigger_WaitDontWait",
                "value_id": "nowait"
              },
              "type": "Preset"
            }
          ],
          "id": "wait"
        },
        {
          "expressions": [
            {
              "preset": {
                "preset_id": "Time_Forever",
                "value_id": "forever"
              },
              "type": "Preset"
            }
          ],
          "id": "timeout"
        }
      ],
      "sub_functions": []
    }
  ],
  "based_on": "Trigger",
  "conditions": [],
  "dev_only": false,
  "enabled": true,
  "events": [],
  "id": "PrepareStormgateObjectiveLv2_Discoverable",
  "variables": []
}