﻿{
  "__base_type": "Trigger",
  "actions": [
    {
      "function_id": "General_Switch",
      "is_enabled": true,
      "parameters": [
        {
          "expressions": [
            {
              "function": {
                "function_id": "Timer_GetTriggeringTimer",
                "is_enabled": true,
                "parameters": [],
                "sub_functions": []
              },
              "type": "Function"
            }
          ],
          "id": "value"
        }
      ],
      "sub_functions": [
        {
          "functions": [
            {
              "function_id": "General_SwitchCase",
              "is_enabled": true,
              "parameters": [
                {
                  "expressions": [
                    {
                      "type": "Variable",
                      "variable": {
                        "indices": [],
                        "variable_id": "StormgateDiscoverableTimer1"
                      }
                    }
                  ],
                  "id": "value"
                }
              ],
              "sub_functions": [
                {
                  "functions": [
                    {
                      "function_id": "Variable_SetVariable",
                      "is_enabled": true,
                      "parameters": [
                        {
                          "expressions": [
                            {
                              "type": "Variable",
                              "variable": {
                                "indices": [],
                                "variable_id": "temp_index"
                              }
                            }
                          ],
                          "id": "variable"
                        },
                        {
                          "expressions": [
                            {
                              "type": "Value",
                              "value": {
                                "type": {
                                  "directive": "FunctionType",
                                  "implements": "",
                                  "inner_type": "",
                                  "param_id": "",
                                  "sub_directive": "None",
                                  "tags": [],
                                  "type": "Integer"
                                },
                                "value": "0"
                              }
                            }
                          ],
                          "id": "value"
                        }
                      ],
                      "sub_functions": []
                    },
                    {
                      "function_id": "Variable_SetVariable",
                      "is_enabled": true,
                      "parameters": [
                        {
                          "expressions": [
                            {
                              "type": "Variable",
                              "variable": {
                                "indices": [
                                  {
                                    "type": "Value",
                                    "value": {
                                      "type": {
                                        "directive": "FunctionType",
                                        "implements": "",
                                        "inner_type": "",
                                        "param_id": "",
                                        "sub_directive": "None",
                                        "tags": [],
                                        "type": "Integer"
                                      },
                                      "value": "0"
                                    }
                                  }
                                ],
                                "variable_id": "CurrentStormgateRewardsGroup"
                              }
                            }
                          ],
                          "id": "variable"
                        },
                        {
                          "expressions": [
                            {
                              "type": "Variable",
                              "variable": {
                                "indices": [
                                  {
                                    "type": "Value",
                                    "value": {
                                      "type": {
                                        "directive": "FunctionType",
                                        "implements": "",
                                        "inner_type": "",
                                        "param_id": "",
                                        "sub_directive": "None",
                                        "tags": [],
                                        "type": "Integer"
                                      },
                                      "value": "0"
                                    }
                                  }
                                ],
                                "variable_id": "ActiveStormgateRewardsGroup1"
                              }
                            }
                          ],
                          "id": "value"
                        }
                      ],
                      "sub_functions": []
                    },
                    {
                      "function_id": "Variable_SetVariable",
                      "is_enabled": true,
                      "parameters": [
                        {
                          "expressions": [
                            {
                              "type": "Variable",
                              "variable": {
                                "indices": [
                                  {
                                    "type": "Value",
                                    "value": {
                                      "type": {
                                        "directive": "FunctionType",
                                        "implements": "",
                                        "inner_type": "",
                                        "param_id": "",
                                        "sub_directive": "None",
                                        "tags": [],
                                        "type": "Integer"
                                      },
                                      "value": "1"
                                    }
                                  }
                                ],
                                "variable_id": "CurrentStormgateRewardsGroup"
                              }
                            }
                          ],
                          "id": "variable"
                        },
                        {
                          "expressions": [
                            {
                              "type": "Variable",
                              "variable": {
                                "indices": [
                                  {
                                    "type": "Value",
                                    "value": {
                                      "type": {
                                        "directive": "FunctionType",
                                        "implements": "",
                                        "inner_type": "",
                                        "param_id": "",
                                        "sub_directive": "None",
                                        "tags": [],
                                        "type": "Integer"
                                      },
                                      "value": "1"
                                    }
                                  }
                                ],
                                "variable_id": "ActiveStormgateRewardsGroup1"
                              }
                            }
                          ],
                          "id": "value"
                        }
                      ],
                      "sub_functions": []
                    },
                    {
                      "function_id": "Variable_SetVariable",
                      "is_enabled": true,
                      "parameters": [
                        {
                          "expressions": [
                            {
                              "type": "Variable",
                              "variable": {
                                "indices": [
                                  {
                                    "type": "Value",
                                    "value": {
                                      "type": {
                                        "directive": "FunctionType",
                                        "implements": "",
                                        "inner_type": "",
                                        "param_id": "",
                                        "sub_directive": "None",
                                        "tags": [],
                                        "type": "Integer"
                                      },
                                      "value": "2"
                                    }
                                  }
                                ],
                                "variable_id": "CurrentStormgateRewardsGroup"
                              }
                            }
                          ],
                          "id": "variable"
                        },
                        {
                          "expressions": [
                            {
                              "type": "Variable",
                              "variable": {
                                "indices": [
                                  {
                                    "type": "Value",
                                    "value": {
                                      "type": {
                                        "directive": "FunctionType",
                                        "implements": "",
                                        "inner_type": "",
                                        "param_id": "",
                                        "sub_directive": "None",
                                        "tags": [],
                                        "type": "Integer"
                                      },
                                      "value": "2"
                                    }
                                  }
                                ],
                                "variable_id": "ActiveStormgateRewardsGroup1"
                              }
                            }
                          ],
                          "id": "value"
                        }
                      ],
                      "sub_functions": []
                    }
                  ],
                  "id": "actions"
                }
              ]
            },
            {
              "function_id": "General_SwitchCase",
              "is_enabled": true,
              "parameters": [
                {
                  "expressions": [
                    {
                      "type": "Variable",
                      "variable": {
                        "indices": [],
                        "variable_id": "StormgateDiscoverableTimer2"
                      }
                    }
                  ],
                  "id": "value"
                }
              ],
              "sub_functions": [
                {
                  "functions": [
                    {
                      "function_id": "Variable_SetVariable",
                      "is_enabled": true,
                      "parameters": [
                        {
                          "expressions": [
                            {
                              "type": "Variable",
                              "variable": {
                                "indices": [],
                                "variable_id": "temp_index"
                              }
                            }
                          ],
                          "id": "variable"
                        },
                        {
                          "expressions": [
                            {
                              "type": "Value",
                              "value": {
                                "type": {
                                  "directive": "FunctionType",
                                  "implements": "",
                                  "inner_type": "",
                                  "param_id": "",
                                  "sub_directive": "None",
                                  "tags": [],
                                  "type": "Integer"
                                },
                                "value": "1"
                              }
                            }
                          ],
                          "id": "value"
                        }
                      ],
                      "sub_functions": []
                    },
                    {
                      "function_id": "Variable_SetVariable",
                      "is_enabled": true,
                      "parameters": [
                        {
                          "expressions": [
                            {
                              "type": "Variable",
                              "variable": {
                                "indices": [
                                  {
                                    "type": "Value",
                                    "value": {
                                      "type": {
                                        "directive": "FunctionType",
                                        "implements": "",
                                        "inner_type": "",
                                        "param_id": "",
                                        "sub_directive": "None",
                                        "tags": [],
                                        "type": "Integer"
                                      },
                                      "value": "0"
                                    }
                                  }
                                ],
                                "variable_id": "CurrentStormgateRewardsGroup"
                              }
                            }
                          ],
                          "id": "variable"
                        },
                        {
                          "expressions": [
                            {
                              "type": "Variable",
                              "variable": {
                                "indices": [
                                  {
                                    "type": "Value",
                                    "value": {
                                      "type": {
                                        "directive": "FunctionType",
                                        "implements": "",
                                        "inner_type": "",
                                        "param_id": "",
                                        "sub_directive": "None",
                                        "tags": [],
                                        "type": "Integer"
                                      },
                                      "value": "0"
                                    }
                                  }
                                ],
                                "variable_id": "ActiveStormgateRewardsGroup2"
                              }
                            }
                          ],
                          "id": "value"
                        }
                      ],
                      "sub_functions": []
                    },
                    {
                      "function_id": "Variable_SetVariable",
                      "is_enabled": true,
                      "parameters": [
                        {
                          "expressions": [
                            {
                              "type": "Variable",
                              "variable": {
                                "indices": [
                                  {
                                    "type": "Value",
                                    "value": {
                                      "type": {
                                        "directive": "FunctionType",
                                        "implements": "",
                                        "inner_type": "",
                                        "param_id": "",
                                        "sub_directive": "None",
                                        "tags": [],
                                        "type": "Integer"
                                      },
                                      "value": "1"
                                    }
                                  }
                                ],
                                "variable_id": "CurrentStormgateRewardsGroup"
                              }
                            }
                          ],
                          "id": "variable"
                        },
                        {
                          "expressions": [
                            {
                              "type": "Variable",
                              "variable": {
                                "indices": [
                                  {
                                    "type": "Value",
                                    "value": {
                                      "type": {
                                        "directive": "FunctionType",
                                        "implements": "",
                                        "inner_type": "",
                                        "param_id": "",
                                        "sub_directive": "None",
                                        "tags": [],
                                        "type": "Integer"
                                      },
                                      "value": "1"
                                    }
                                  }
                                ],
                                "variable_id": "ActiveStormgateRewardsGroup2"
                              }
                            }
                          ],
                          "id": "value"
                        }
                      ],
                      "sub_functions": []
                    },
                    {
                      "function_id": "Variable_SetVariable",
                      "is_enabled": true,
                      "parameters": [
                        {
                          "expressions": [
                            {
                              "type": "Variable",
                              "variable": {
                                "indices": [
                                  {
                                    "type": "Value",
                                    "value": {
                                      "type": {
                                        "directive": "FunctionType",
                                        "implements": "",
                                        "inner_type": "",
                                        "param_id": "",
                                        "sub_directive": "None",
                                        "tags": [],
                                        "type": "Integer"
                                      },
                                      "value": "2"
                                    }
                                  }
                                ],
                                "variable_id": "CurrentStormgateRewardsGroup"
                              }
                            }
                          ],
                          "id": "variable"
                        },
                        {
                          "expressions": [
                            {
                              "type": "Variable",
                              "variable": {
                                "indices": [
                                  {
                                    "type": "Value",
                                    "value": {
                                      "type": {
                                        "directive": "FunctionType",
                                        "implements": "",
                                        "inner_type": "",
                                        "param_id": "",
                                        "sub_directive": "None",
                                        "tags": [],
                                        "type": "Integer"
                                      },
                                      "value": "2"
                                    }
                                  }
                                ],
                                "variable_id": "ActiveStormgateRewardsGroup2"
                              }
                            }
                          ],
                          "id": "value"
                        }
                      ],
                      "sub_functions": []
                    }
                  ],
                  "id": "actions"
                }
              ]
            },
            {
              "function_id": "General_SwitchCase",
              "is_enabled": true,
              "parameters": [
                {
                  "expressions": [
                    {
                      "type": "Variable",
                      "variable": {
                        "indices": [],
                        "variable_id": "StormgateDiscoverableTimer3"
                      }
                    }
                  ],
                  "id": "value"
                }
              ],
              "sub_functions": [
                {
                  "functions": [
                    {
                      "function_id": "Variable_SetVariable",
                      "is_enabled": true,
                      "parameters": [
                        {
                          "expressions": [
                            {
                              "type": "Variable",
                              "variable": {
                                "indices": [],
                                "variable_id": "temp_index"
                              }
                            }
                          ],
                          "id": "variable"
                        },
                        {
                          "expressions": [
                            {
                              "type": "Value",
                              "value": {
                                "type": {
                                  "directive": "FunctionType",
                                  "implements": "",
                                  "inner_type": "",
                                  "param_id": "",
                                  "sub_directive": "None",
                                  "tags": [],
                                  "type": "Integer"
                                },
                                "value": "2"
                              }
                            }
                          ],
                          "id": "value"
                        }
                      ],
                      "sub_functions": []
                    },
                    {
                      "function_id": "Variable_SetVariable",
                      "is_enabled": true,
                      "parameters": [
                        {
                          "expressions": [
                            {
                              "type": "Variable",
                              "variable": {
                                "indices": [
                                  {
                                    "type": "Value",
                                    "value": {
                                      "type": {
                                        "directive": "FunctionType",
                                        "implements": "",
                                        "inner_type": "",
                                        "param_id": "",
                                        "sub_directive": "None",
                                        "tags": [],
                                        "type": "Integer"
                                      },
                                      "value": "0"
                                    }
                                  }
                                ],
                                "variable_id": "CurrentStormgateRewardsGroup"
                              }
                            }
                          ],
                          "id": "variable"
                        },
                        {
                          "expressions": [
                            {
                              "type": "Variable",
                              "variable": {
                                "indices": [
                                  {
                                    "type": "Value",
                                    "value": {
                                      "type": {
                                        "directive": "FunctionType",
                                        "implements": "",
                                        "inner_type": "",
                                        "param_id": "",
                                        "sub_directive": "None",
                                        "tags": [],
                                        "type": "Integer"
                                      },
                                      "value": "0"
                                    }
                                  }
                                ],
                                "variable_id": "ActiveStormgateRewardsGroup3"
                              }
                            }
                          ],
                          "id": "value"
                        }
                      ],
                      "sub_functions": []
                    },
                    {
                      "function_id": "Variable_SetVariable",
                      "is_enabled": true,
                      "parameters": [
                        {
                          "expressions": [
                            {
                              "type": "Variable",
                              "variable": {
                                "indices": [
                                  {
                                    "type": "Value",
                                    "value": {
                                      "type": {
                                        "directive": "FunctionType",
                                        "implements": "",
                                        "inner_type": "",
                                        "param_id": "",
                                        "sub_directive": "None",
                                        "tags": [],
                                        "type": "Integer"
                                      },
                                      "value": "1"
                                    }
                                  }
                                ],
                                "variable_id": "CurrentStormgateRewardsGroup"
                              }
                            }
                          ],
                          "id": "variable"
                        },
                        {
                          "expressions": [
                            {
                              "type": "Variable",
                              "variable": {
                                "indices": [
                                  {
                                    "type": "Value",
                                    "value": {
                                      "type": {
                                        "directive": "FunctionType",
                                        "implements": "",
                                        "inner_type": "",
                                        "param_id": "",
                                        "sub_directive": "None",
                                        "tags": [],
                                        "type": "Integer"
                                      },
                                      "value": "1"
                                    }
                                  }
                                ],
                                "variable_id": "ActiveStormgateRewardsGroup3"
                              }
                            }
                          ],
                          "id": "value"
                        }
                      ],
                      "sub_functions": []
                    },
                    {
                      "function_id": "Variable_SetVariable",
                      "is_enabled": true,
                      "parameters": [
                        {
                          "expressions": [
                            {
                              "type": "Variable",
                              "variable": {
                                "indices": [
                                  {
                                    "type": "Value",
                                    "value": {
                                      "type": {
                                        "directive": "FunctionType",
                                        "implements": "",
                                        "inner_type": "",
                                        "param_id": "",
                                        "sub_directive": "None",
                                        "tags": [],
                                        "type": "Integer"
                                      },
                                      "value": "2"
                                    }
                                  }
                                ],
                                "variable_id": "CurrentStormgateRewardsGroup"
                              }
                            }
                          ],
                          "id": "variable"
                        },
                        {
                          "expressions": [
                            {
                              "type": "Variable",
                              "variable": {
                                "indices": [
                                  {
                                    "type": "Value",
                                    "value": {
                                      "type": {
                                        "directive": "FunctionType",
                                        "implements": "",
                                        "inner_type": "",
                                        "param_id": "",
                                        "sub_directive": "None",
                                        "tags": [],
                                        "type": "Integer"
                                      },
                                      "value": "2"
                                    }
                                  }
                                ],
                                "variable_id": "ActiveStormgateRewardsGroup3"
                              }
                            }
                          ],
                          "id": "value"
                        }
                      ],
                      "sub_functions": []
                    }
                  ],
                  "id": "actions"
                }
              ]
            }
          ],
          "id": "cases"
        },
        {
          "functions": [],
          "id": "default"
        }
      ]
    },
    {
      "function_id": "General_IfThenElse",
      "is_enabled": true,
      "parameters": [],
      "sub_functions": [
        {
          "functions": [
            {
              "function_id": "Logic_Comparison",
              "is_enabled": true,
              "parameters": [
                {
                  "expressions": [
                    {
                      "function": {
                        "function_id": "Entity_HasBuff",
                        "is_enabled": true,
                        "parameters": [
                          {
                            "expressions": [
                              {
                                "type": "Variable",
                                "variable": {
                                  "indices": [
                                    {
                                      "type": "Variable",
                                      "variable": {
                                        "indices": [],
                                        "variable_id": "temp_index"
                                      }
                                    }
                                  ],
                                  "variable_id": "StormgateGroup"
                                }
                              }
                            ],
                            "id": "entity"
                          },
                          {
                            "expressions": [
                              {
                                "type": "Value",
                                "value": {
                                  "type": {
                                    "directive": "TypeRef",
                                    "implements": "",
                                    "inner_type": "",
                                    "param_id": "",
                                    "sub_directive": "None",
                                    "tags": [],
                                    "type": "Buff"
                                  },
                                  "value": "StormgateDiscoverTimerBuff"
                                }
                              }
                            ],
                            "id": "buff"
                          },
                          {
                            "expressions": [
                              {
                                "preset": {
                                  "preset_id": "Buff_AnySource",
                                  "value_id": "none"
                                },
                                "type": "Preset"
                              }
                            ],
                            "id": "source"
                          }
                        ],
                        "sub_functions": []
                      },
                      "type": "Function"
                    }
                  ],
                  "id": "value1"
                },
                {
                  "expressions": [
                    {
                      "preset": {
                        "preset_id": "Logic_ComparisonOperator",
                        "value_id": "eq"
                      },
                      "type": "Preset"
                    }
                  ],
                  "id": "op"
                },
                {
                  "expressions": [
                    {
                      "type": "Value",
                      "value": {
                        "type": {
                          "directive": "FunctionType",
                          "implements": "",
                          "inner_type": "",
                          "param_id": "",
                          "sub_directive": "None",
                          "tags": [],
                          "type": "Boolean"
                        },
                        "value": "true"
                      }
                    }
                  ],
                  "id": "value2"
                }
              ],
              "sub_functions": []
            }
          ],
          "id": "if"
        },
        {
          "functions": [],
          "id": "then"
        },
        {
          "functions": [
            {
              "function_id": "General_SkipRemainingActions",
              "is_enabled": true,
              "parameters": [],
              "sub_functions": []
            }
          ],
          "id": "else"
        }
      ]
    },
    {
      "function_id": "Variable_SetVariable",
      "is_enabled": true,
      "parameters": [
        {
          "expressions": [
            {
              "type": "Variable",
              "variable": {
                "indices": [],
                "variable_id": "trigger_player"
              }
            }
          ],
          "id": "variable"
        },
        {
          "expressions": [
            {
              "function": {
                "function_id": "Unit_GetOwningPlayer",
                "is_enabled": true,
                "parameters": [
                  {
                    "expressions": [
                      {
                        "type": "Variable",
                        "variable": {
                          "indices": [
                            {
                              "type": "Variable",
                              "variable": {
                                "indices": [],
                                "variable_id": "temp_index"
                              }
                            }
                          ],
                          "variable_id": "StormgateGroup"
                        }
                      }
                    ],
                    "id": "unit"
                  }
                ],
                "sub_functions": []
              },
              "type": "Function"
            }
          ],
          "id": "value"
        }
      ],
      "sub_functions": []
    },
    {
      "function_id": "Variable_SetVariable",
      "is_enabled": true,
      "parameters": [
        {
          "expressions": [
            {
              "type": "Variable",
              "variable": {
                "indices": [
                  {
                    "type": "Variable",
                    "variable": {
                      "indices": [],
                      "variable_id": "temp_index"
                    }
                  }
                ],
                "variable_id": "ActiveStormgatePoints"
              }
            }
          ],
          "id": "variable"
        },
        {
          "expressions": [
            {
              "type": "Value",
              "value": {
                "type": {
                  "directive": "FunctionType",
                  "implements": "",
                  "inner_type": "",
                  "param_id": "",
                  "sub_directive": "None",
                  "tags": [],
                  "type": "Integer"
                },
                "value": "0"
              }
            }
          ],
          "id": "value"
        }
      ],
      "sub_functions": []
    },
    {
      "function_id": "Ping_Destroy",
      "is_enabled": true,
      "parameters": [
        {
          "expressions": [
            {
              "type": "Variable",
              "variable": {
                "indices": [
                  {
                    "type": "Variable",
                    "variable": {
                      "indices": [],
                      "variable_id": "temp_index"
                    }
                  }
                ],
                "variable_id": "ActiveStormgatePings"
              }
            }
          ],
          "id": "ping"
        }
      ],
      "sub_functions": []
    },
    {
      "function_id": "Variable_SetVariable",
      "is_enabled": true,
      "parameters": [
        {
          "expressions": [
            {
              "type": "Variable",
              "variable": {
                "indices": [],
                "variable_id": "RandomInteger"
              }
            }
          ],
          "id": "variable"
        },
        {
          "expressions": [
            {
              "function": {
                "function_id": "Random_Integer",
                "is_enabled": true,
                "parameters": [
                  {
                    "expressions": [
                      {
                        "type": "Value",
                        "value": {
                          "type": {
                            "directive": "FunctionType",
                            "implements": "",
                            "inner_type": "",
                            "param_id": "",
                            "sub_directive": "None",
                            "tags": [],
                            "type": "Integer"
                          },
                          "value": "0"
                        }
                      }
                    ],
                    "id": "min"
                  },
                  {
                    "expressions": [
                      {
                        "type": "Value",
                        "value": {
                          "type": {
                            "directive": "FunctionType",
                            "implements": "",
                            "inner_type": "",
                            "param_id": "",
                            "sub_directive": "None",
                            "tags": [],
                            "type": "Integer"
                          },
                          "value": "2"
                        }
                      }
                    ],
                    "id": "max"
                  }
                ],
                "sub_functions": []
              },
              "type": "Function"
            }
          ],
          "id": "value"
        }
      ],
      "sub_functions": []
    },
    {
      "function_id": "General_Switch",
      "is_enabled": true,
      "parameters": [
        {
          "expressions": [
            {
              "type": "Variable",
              "variable": {
                "indices": [],
                "variable_id": "RandomInteger"
              }
            }
          ],
          "id": "value"
        }
      ],
      "sub_functions": [
        {
          "functions": [
            {
              "function_id": "General_SwitchCase",
              "is_enabled": true,
              "parameters": [
                {
                  "expressions": [
                    {
                      "type": "Value",
                      "value": {
                        "type": {
                          "directive": "FunctionType",
                          "implements": "",
                          "inner_type": "",
                          "param_id": "",
                          "sub_directive": "None",
                          "tags": [],
                          "type": "Integer"
                        },
                        "value": "0"
                      }
                    }
                  ],
                  "id": "value"
                }
              ],
              "sub_functions": [
                {
                  "functions": [
                    {
                      "function_id": "Unit_Kill",
                      "is_enabled": true,
                      "parameters": [
                        {
                          "expressions": [
                            {
                              "type": "Variable",
                              "variable": {
                                "indices": [
                                  {
                                    "type": "Value",
                                    "value": {
                                      "type": {
                                        "directive": "FunctionType",
                                        "implements": "",
                                        "inner_type": "",
                                        "param_id": "",
                                        "sub_directive": "None",
                                        "tags": [],
                                        "type": "Integer"
                                      },
                                      "value": "0"
                                    }
                                  }
                                ],
                                "variable_id": "CurrentStormgateRewardsGroup"
                              }
                            }
                          ],
                          "id": "unit"
                        }
                      ],
                      "sub_functions": []
                    },
                    {
                      "function_id": "Unit_Remove",
                      "is_enabled": true,
                      "parameters": [
                        {
                          "expressions": [
                            {
                              "type": "Variable",
                              "variable": {
                                "indices": [
                                  {
                                    "type": "Value",
                                    "value": {
                                      "type": {
                                        "directive": "FunctionType",
                                        "implements": "",
                                        "inner_type": "",
                                        "param_id": "",
                                        "sub_directive": "None",
                                        "tags": [],
                                        "type": "Integer"
                                      },
                                      "value": "1"
                                    }
                                  }
                                ],
                                "variable_id": "CurrentStormgateRewardsGroup"
                              }
                            }
                          ],
                          "id": "unit"
                        }
                      ],
                      "sub_functions": []
                    },
                    {
                      "function_id": "Unit_Remove",
                      "is_enabled": true,
                      "parameters": [
                        {
                          "expressions": [
                            {
                              "type": "Variable",
                              "variable": {
                                "indices": [
                                  {
                                    "type": "Value",
                                    "value": {
                                      "type": {
                                        "directive": "FunctionType",
                                        "implements": "",
                                        "inner_type": "",
                                        "param_id": "",
                                        "sub_directive": "None",
                                        "tags": [],
                                        "type": "Integer"
                                      },
                                      "value": "2"
                                    }
                                  }
                                ],
                                "variable_id": "CurrentStormgateRewardsGroup"
                              }
                            }
                          ],
                          "id": "unit"
                        }
                      ],
                      "sub_functions": []
                    }
                  ],
                  "id": "actions"
                }
              ]
            },
            {
              "function_id": "General_SwitchCase",
              "is_enabled": true,
              "parameters": [
                {
                  "expressions": [
                    {
                      "type": "Value",
                      "value": {
                        "type": {
                          "directive": "FunctionType",
                          "implements": "",
                          "inner_type": "",
                          "param_id": "",
                          "sub_directive": "None",
                          "tags": [],
                          "type": "Integer"
                        },
                        "value": "1"
                      }
                    }
                  ],
                  "id": "value"
                }
              ],
              "sub_functions": [
                {
                  "functions": [
                    {
                      "function_id": "Unit_Kill",
                      "is_enabled": true,
                      "parameters": [
                        {
                          "expressions": [
                            {
                              "type": "Variable",
                              "variable": {
                                "indices": [
                                  {
                                    "type": "Value",
                                    "value": {
                                      "type": {
                                        "directive": "FunctionType",
                                        "implements": "",
                                        "inner_type": "",
                                        "param_id": "",
                                        "sub_directive": "None",
                                        "tags": [],
                                        "type": "Integer"
                                      },
                                      "value": "1"
                                    }
                                  }
                                ],
                                "variable_id": "CurrentStormgateRewardsGroup"
                              }
                            }
                          ],
                          "id": "unit"
                        }
                      ],
                      "sub_functions": []
                    },
                    {
                      "function_id": "Unit_Remove",
                      "is_enabled": true,
                      "parameters": [
                        {
                          "expressions": [
                            {
                              "type": "Variable",
                              "variable": {
                                "indices": [
                                  {
                                    "type": "Value",
                                    "value": {
                                      "type": {
                                        "directive": "FunctionType",
                                        "implements": "",
                                        "inner_type": "",
                                        "param_id": "",
                                        "sub_directive": "None",
                                        "tags": [],
                                        "type": "Integer"
                                      },
                                      "value": "0"
                                    }
                                  }
                                ],
                                "variable_id": "CurrentStormgateRewardsGroup"
                              }
                            }
                          ],
                          "id": "unit"
                        }
                      ],
                      "sub_functions": []
                    },
                    {
                      "function_id": "Unit_Remove",
                      "is_enabled": true,
                      "parameters": [
                        {
                          "expressions": [
                            {
                              "type": "Variable",
                              "variable": {
                                "indices": [
                                  {
                                    "type": "Value",
                                    "value": {
                                      "type": {
                                        "directive": "FunctionType",
                                        "implements": "",
                                        "inner_type": "",
                                        "param_id": "",
                                        "sub_directive": "None",
                                        "tags": [],
                                        "type": "Integer"
                                      },
                                      "value": "2"
                                    }
                                  }
                                ],
                                "variable_id": "CurrentStormgateRewardsGroup"
                              }
                            }
                          ],
                          "id": "unit"
                        }
                      ],
                      "sub_functions": []
                    }
                  ],
                  "id": "actions"
                }
              ]
            },
            {
              "function_id": "General_SwitchCase",
              "is_enabled": true,
              "parameters": [
                {
                  "expressions": [
                    {
                      "type": "Value",
                      "value": {
                        "type": {
                          "directive": "FunctionType",
                          "implements": "",
                          "inner_type": "",
                          "param_id": "",
                          "sub_directive": "None",
                          "tags": [],
                          "type": "Integer"
                        },
                        "value": "2"
                      }
                    }
                  ],
                  "id": "value"
                }
              ],
              "sub_functions": [
                {
                  "functions": [
                    {
                      "function_id": "Unit_Kill",
                      "is_enabled": true,
                      "parameters": [
                        {
                          "expressions": [
                            {
                              "type": "Variable",
                              "variable": {
                                "indices": [
                                  {
                                    "type": "Value",
                                    "value": {
                                      "type": {
                                        "directive": "FunctionType",
                                        "implements": "",
                                        "inner_type": "",
                                        "param_id": "",
                                        "sub_directive": "None",
                                        "tags": [],
                                        "type": "Integer"
                                      },
                                      "value": "2"
                                    }
                                  }
                                ],
                                "variable_id": "CurrentStormgateRewardsGroup"
                              }
                            }
                          ],
                          "id": "unit"
                        }
                      ],
                      "sub_functions": []
                    },
                    {
                      "function_id": "Unit_Remove",
                      "is_enabled": true,
                      "parameters": [
                        {
                          "expressions": [
                            {
                              "type": "Variable",
                              "variable": {
                                "indices": [
                                  {
                                    "type": "Value",
                                    "value": {
                                      "type": {
                                        "directive": "FunctionType",
                                        "implements": "",
                                        "inner_type": "",
                                        "param_id": "",
                                        "sub_directive": "None",
                                        "tags": [],
                                        "type": "Integer"
                                      },
                                      "value": "0"
                                    }
                                  }
                                ],
                                "variable_id": "CurrentStormgateRewardsGroup"
                              }
                            }
                          ],
                          "id": "unit"
                        }
                      ],
                      "sub_functions": []
                    },
                    {
                      "function_id": "Unit_Remove",
                      "is_enabled": true,
                      "parameters": [
                        {
                          "expressions": [
                            {
                              "type": "Variable",
                              "variable": {
                                "indices": [
                                  {
                                    "type": "Value",
                                    "value": {
                                      "type": {
                                        "directive": "FunctionType",
                                        "implements": "",
                                        "inner_type": "",
                                        "param_id": "",
                                        "sub_directive": "None",
                                        "tags": [],
                                        "type": "Integer"
                                      },
                                      "value": "1"
                                    }
                                  }
                                ],
                                "variable_id": "CurrentStormgateRewardsGroup"
                              }
                            }
                          ],
                          "id": "unit"
                        }
                      ],
                      "sub_functions": []
                    }
                  ],
                  "id": "actions"
                }
              ]
            }
          ],
          "id": "cases"
        },
        {
          "functions": [],
          "id": "default"
        }
      ]
    },
    {
      "function_id": "Actor_RemoveBuff",
      "is_enabled": true,
      "parameters": [
        {
          "expressions": [
            {
              "type": "Value",
              "value": {
                "type": {
                  "directive": "TypeRef",
                  "implements": "",
                  "inner_type": "",
                  "param_id": "",
                  "sub_directive": "None",
                  "tags": [],
                  "type": "Buff"
                },
                "value": "StormgateDiscoverTimerBuff"
              }
            }
          ],
          "id": "buff"
        },
        {
          "expressions": [
            {
              "preset": {
                "preset_id": "Integer_MaxStacks",
                "value_id": "max"
              },
              "type": "Preset"
            }
          ],
          "id": "stacks"
        },
        {
          "expressions": [
            {
              "type": "Variable",
              "variable": {
                "indices": [
                  {
                    "type": "Variable",
                    "variable": {
                      "indices": [],
                      "variable_id": "temp_index"
                    }
                  }
                ],
                "variable_id": "StormgateGroup"
              }
            }
          ],
          "id": "target"
        },
        {
          "expressions": [
            {
              "preset": {
                "preset_id": "Actor_AnyActor",
                "value_id": "any"
              },
              "type": "Preset"
            }
          ],
          "id": "source"
        }
      ],
      "sub_functions": []
    },
    {
      "function_id": "SpecialEffect_CreateOneShot",
      "is_enabled": true,
      "parameters": [
        {
          "expressions": [
            {
              "type": "Value",
              "value": {
                "type": {
                  "directive": "AssetRef",
                  "implements": "",
                  "inner_type": "",
                  "param_id": "",
                  "sub_directive": "None",
                  "tags": [],
                  "type": "FXSquib"
                },
                "value": "BP_FXS_Stormgate_RewardClaimed"
              }
            }
          ],
          "id": "effect"
        },
        {
          "expressions": [
            {
              "type": "Variable",
              "variable": {
                "indices": [
                  {
                    "type": "Variable",
                    "variable": {
                      "indices": [],
                      "variable_id": "temp_index"
                    }
                  }
                ],
                "variable_id": "StormgateGroup"
              }
            }
          ],
          "id": "source"
        },
        {
          "expressions": [
            {
              "type": "Variable",
              "variable": {
                "indices": [
                  {
                    "type": "Variable",
                    "variable": {
                      "indices": [],
                      "variable_id": "temp_index"
                    }
                  }
                ],
                "variable_id": "StormgateGroup"
              }
            }
          ],
          "id": "target"
        },
        {
          "expressions": [
            {
              "function": {
                "function_id": "PlayerGroup_GetAllPlayers",
                "is_enabled": true,
                "parameters": [],
                "sub_functions": []
              },
              "type": "Function"
            }
          ],
          "id": "player_group"
        }
      ],
      "sub_functions": []
    },
    {
      "function_id": "General_WaitForEvent",
      "is_enabled": true,
      "parameters": [
        {
          "expressions": [
            {
              "preset": {
                "preset_id": "Time_Forever",
                "value_id": "forever"
              },
              "type": "Preset"
            }
          ],
          "id": "timeout"
        }
      ],
      "sub_functions": [
        {
          "functions": [
            {
              "function_id": "Timer_OnTimerExpired",
              "is_enabled": true,
              "parameters": [
                {
                  "expressions": [
                    {
                      "type": "Variable",
                      "variable": {
                        "indices": [],
                        "variable_id": "StormgateCapturedStateTimer"
                      }
                    }
                  ],
                  "id": "timer"
                }
              ],
              "sub_functions": []
            }
          ],
          "id": "events"
        },
        {
          "functions": [],
          "id": "conditions"
        }
      ]
    },
    {
      "function_id": "Unit_IssueOrderWithNoTarget",
      "is_enabled": true,
      "parameters": [
        {
          "expressions": [
            {
              "type": "Variable",
              "variable": {
                "indices": [
                  {
                    "type": "Variable",
                    "variable": {
                      "indices": [],
                      "variable_id": "temp_index"
                    }
                  }
                ],
                "variable_id": "StormgateGroup"
              }
            }
          ],
          "id": "unit"
        },
        {
          "expressions": [
            {
              "type": "Value",
              "value": {
                "type": {
                  "directive": "TypeRef",
                  "implements": "ability_data",
                  "inner_type": "",
                  "param_id": "",
                  "sub_directive": "None",
                  "tags": [],
                  "type": ""
                },
                "value": "MorphToStormgateObjectiveSubmerged"
              }
            }
          ],
          "id": "order"
        },
        {
          "expressions": [
            {
              "type": "Value",
              "value": {
                "type": {
                  "directive": "FunctionType",
                  "implements": "",
                  "inner_type": "",
                  "param_id": "",
                  "sub_directive": "None",
                  "tags": [],
                  "type": "Integer"
                },
                "value": "0"
              }
            }
          ],
          "id": "order_index"
        },
        {
          "expressions": [
            {
              "preset": {
                "preset_id": "Unit_OrderQueueOptions",
                "value_id": "replace"
              },
              "type": "Preset"
            }
          ],
          "id": "queue_order"
        }
      ],
      "sub_functions": []
    },
    {
      "function_id": "Unit_ChangeOwner",
      "is_enabled": true,
      "parameters": [
        {
          "expressions": [
            {
              "type": "Variable",
              "variable": {
                "indices": [
                  {
                    "type": "Variable",
                    "variable": {
                      "indices": [],
                      "variable_id": "temp_index"
                    }
                  }
                ],
                "variable_id": "StormgateGroup"
              }
            }
          ],
          "id": "unit"
        },
        {
          "expressions": [
            {
              "type": "Value",
              "value": {
                "type": {
                  "directive": "FunctionType",
                  "implements": "",
                  "inner_type": "",
                  "param_id": "",
                  "sub_directive": "None",
                  "tags": [],
                  "type": "Player"
                },
                "value": "31"
              }
            }
          ],
          "id": "new_owner"
        },
        {
          "expressions": [
            {
              "preset": {
                "preset_id": "Unit_ClearDontClearOrders",
                "value_id": "clear"
              },
              "type": "Preset"
            }
          ],
          "id": "clear_orders"
        }
      ],
      "sub_functions": []
    }
  ],
  "based_on": "Trigger",
  "conditions": [],
  "dev_only": false,
  "enabled": true,
  "events": [
    {
      "function_id": "Timer_OnTimerExpired",
      "is_enabled": true,
      "parameters": [
        {
          "expressions": [
            {
              "type": "Variable",
              "variable": {
                "indices": [],
                "variable_id": "StormgateDiscoverableTimer1"
              }
            }
          ],
          "id": "timer"
        }
      ],
      "sub_functions": []
    },
    {
      "function_id": "Timer_OnTimerExpired",
      "is_enabled": true,
      "parameters": [
        {
          "expressions": [
            {
              "type": "Variable",
              "variable": {
                "indices": [],
                "variable_id": "StormgateDiscoverableTimer2"
              }
            }
          ],
          "id": "timer"
        }
      ],
      "sub_functions": []
    },
    {
      "function_id": "Timer_OnTimerExpired",
      "is_enabled": true,
      "parameters": [
        {
          "expressions": [
            {
              "type": "Variable",
              "variable": {
                "indices": [],
                "variable_id": "StormgateDiscoverableTimer3"
              }
            }
          ],
          "id": "timer"
        }
      ],
      "sub_functions": []
    }
  ],
  "id": "SpawnStormgateReward_DiscoverableTimerExpiredDummy",
  "variables": [
    {
      "array_size": 1,
      "id": "trigger_player",
      "initial_values": [
        {
          "function": {
            "function_id": "",
            "is_enabled": true,
            "parameters": [],
            "sub_functions": []
          },
          "preset": {
            "preset_id": "",
            "value_id": ""
          },
          "script": "",
          "type": "Value",
          "value": {
            "type": {
              "directive": "FunctionType",
              "implements": "",
              "inner_type": "",
              "param_id": "",
              "sub_directive": "None",
              "tags": [],
              "type": "Integer"
            },
            "value": "0"
          },
          "variable": {
            "indices": [],
            "variable_id": ""
          }
        }
      ],
      "is_array": false,
      "is_constant": false,
      "is_id_based_on_name": true,
      "name": "trigger_player",
      "per_element_initial_values": false,
      "type": {
        "directive": "FunctionType",
        "implements": "",
        "inner_type": "",
        "param_id": "",
        "sub_directive": "None",
        "tags": [],
        "type": "Player"
      }
    },
    {
      "array_size": 1,
      "id": "should_respawn_stormgate",
      "initial_values": [
        {
          "function": {
            "function_id": "",
            "is_enabled": true,
            "parameters": [],
            "sub_functions": []
          },
          "preset": {
            "preset_id": "",
            "value_id": ""
          },
          "script": "",
          "type": "Value",
          "value": {
            "type": {
              "directive": "FunctionType",
              "implements": "",
              "inner_type": "",
              "param_id": "",
              "sub_directive": "None",
              "tags": [],
              "type": "Boolean"
            },
            "value": "true"
          },
          "variable": {
            "indices": [],
            "variable_id": ""
          }
        }
      ],
      "is_array": false,
      "is_constant": false,
      "is_id_based_on_name": true,
      "name": "should_respawn_stormgate",
      "per_element_initial_values": false,
      "type": {
        "directive": "FunctionType",
        "implements": "",
        "inner_type": "",
        "param_id": "",
        "sub_directive": "None",
        "tags": [],
        "type": "Boolean"
      }
    },
    {
      "array_size": 1,
      "id": "temp_index",
      "initial_values": [
        {
          "function": {
            "function_id": "",
            "is_enabled": true,
            "parameters": [],
            "sub_functions": []
          },
          "preset": {
            "preset_id": "",
            "value_id": ""
          },
          "script": "",
          "type": "Value",
          "value": {
            "type": {
              "directive": "FunctionType",
              "implements": "",
              "inner_type": "",
              "param_id": "",
              "sub_directive": "None",
              "tags": [],
              "type": "Integer"
            },
            "value": "0"
          },
          "variable": {
            "indices": [],
            "variable_id": ""
          }
        }
      ],
      "is_array": false,
      "is_constant": false,
      "is_id_based_on_name": true,
      "name": "temp_index",
      "per_element_initial_values": false,
      "type": {
        "directive": "FunctionType",
        "implements": "",
        "inner_type": "",
        "param_id": "",
        "sub_directive": "None",
        "tags": [],
        "type": "Integer"
      }
    },
    {
      "array_size": 1,
      "id": "RandomInteger",
      "initial_values": [
        {
          "function": {
            "function_id": "",
            "is_enabled": true,
            "parameters": [],
            "sub_functions": []
          },
          "preset": {
            "preset_id": "",
            "value_id": ""
          },
          "script": "",
          "type": "Value",
          "value": {
            "type": {
              "directive": "FunctionType",
              "implements": "",
              "inner_type": "",
              "param_id": "",
              "sub_directive": "None",
              "tags": [],
              "type": "Integer"
            },
            "value": "0"
          },
          "variable": {
            "indices": [],
            "variable_id": ""
          }
        }
      ],
      "is_array": false,
      "is_constant": false,
      "is_id_based_on_name": true,
      "name": "RandomInteger",
      "per_element_initial_values": false,
      "type": {
        "directive": "FunctionType",
        "implements": "",
        "inner_type": "",
        "param_id": "",
        "sub_directive": "None",
        "tags": [],
        "type": "Integer"
      }
    },
    {
      "array_size": 3,
      "id": "CurrentStormgateRewardsGroup",
      "initial_values": [
        {
          "function": {
            "function_id": "",
            "is_enabled": true,
            "parameters": [],
            "sub_functions": []
          },
          "preset": {
            "preset_id": "Unit_NoUnit",
            "value_id": "none"
          },
          "script": "",
          "type": "Preset",
          "value": {
            "type": {
              "directive": "None",
              "implements": "",
              "inner_type": "",
              "param_id": "",
              "sub_directive": "None",
              "tags": [],
              "type": ""
            },
            "value": ""
          },
          "variable": {
            "indices": [],
            "variable_id": ""
          }
        },
        {
          "function": {
            "function_id": "",
            "is_enabled": true,
            "parameters": [],
            "sub_functions": []
          },
          "preset": {
            "preset_id": "Unit_NoUnit",
            "value_id": "none"
          },
          "script": "",
          "type": "Preset",
          "value": {
            "type": {
              "directive": "None",
              "implements": "",
              "inner_type": "",
              "param_id": "",
              "sub_directive": "None",
              "tags": [],
              "type": ""
            },
            "value": ""
          },
          "variable": {
            "indices": [],
            "variable_id": ""
          }
        },
        {
          "function": {
            "function_id": "",
            "is_enabled": true,
            "parameters": [],
            "sub_functions": []
          },
          "preset": {
            "preset_id": "Unit_NoUnit",
            "value_id": "none"
          },
          "script": "",
          "type": "Preset",
          "value": {
            "type": {
              "directive": "None",
              "implements": "",
              "inner_type": "",
              "param_id": "",
              "sub_directive": "None",
              "tags": [],
              "type": ""
            },
            "value": ""
          },
          "variable": {
            "indices": [],
            "variable_id": ""
          }
        }
      ],
      "is_array": true,
      "is_constant": false,
      "is_id_based_on_name": true,
      "name": "CurrentStormgateRewardsGroup",
      "per_element_initial_values": true,
      "type": {
        "directive": "FunctionType",
        "implements": "",
        "inner_type": "",
        "param_id": "",
        "sub_directive": "None",
        "tags": [],
        "type": "Unit"
      }
    }
  ]
}