﻿{
  "__base_type": "CapturePoint",
  "based_on": "StormgateObjective_TugOfWar",
  "capture_additional_units_max": 20,
  "capture_additional_units_rate": 0.1,
  "capture_filter": {
    "excluded": [
      "entity_unit_structure",
      "attribute_object",
      "dead",
      "capturable",
      "status_stealthed"
    ],
    "required": [
      "entity_unit"
    ]
  },
  "capture_range": 10.0,
  "flags": {
    "alert_captured": false,
    "alert_contested": false,
    "alert_lost": false,
    "alert_regressed": false,
    "capture_from_higher": false,
    "capture_from_lower": false,
    "lock_after_capture": false,
    "tug_of_war": true
  },
  "fog_visibility": "Snapshot",
  "icon": "Texture2D'/Game/Pegasus/UI/Assets/Icons/Minimap/UI_Icons_Minimap_CapturePoint_CoreBattery.UI_Icons_Minimap_CapturePoint_CoreBattery'",
  "id": "_StormgateObjective_TugOfWar2",
  "neutral_structure_capture_buff": "emptyRef",
  "placed_name": "StormgateCP3",
  "reward": "emptyRef",
  "time_to_capture": 4.0,
  "time_to_recapture": 12.0,
  "time_to_regress": 12.0,
  "time_to_uncapture": 12.0,
  "unreal_actor": "BP_BaseTugOfWar"
}