﻿{
  "__base_type": "GlobalVariable",
  "array_size": 3,
  "based_on": "GlobalVariable",
  "id": "ActiveStormgateRewards",
  "initial_values": [
    {
      "function": {
        "function_id": "",
        "is_enabled": true,
        "parameters": [],
        "sub_functions": []
      },
      "preset": {
        "preset_id": "",
        "value_id": ""
      },
      "script": "",
      "type": "Value",
      "value": {
        "type": {
          "directive": "FunctionType",
          "implements": "",
          "inner_type": "",
          "param_id": "",
          "sub_directive": "None",
          "tags": [],
          "type": "String"
        },
        "value": ""
      },
      "variable": {
        "indices": [],
        "variable_id": ""
      }
    },
    {
      "function": {
        "function_id": "",
        "is_enabled": true,
        "parameters": [],
        "sub_functions": []
      },
      "preset": {
        "preset_id": "",
        "value_id": ""
      },
      "script": "",
      "type": "Value",
      "value": {
        "type": {
          "directive": "FunctionType",
          "implements": "",
          "inner_type": "",
          "param_id": "",
          "sub_directive": "None",
          "tags": [],
          "type": "String"
        },
        "value": ""
      },
      "variable": {
        "indices": [],
        "variable_id": ""
      }
    },
    {
      "function": {
        "function_id": "",
        "is_enabled": true,
        "parameters": [],
        "sub_functions": []
      },
      "preset": {
        "preset_id": "",
        "value_id": ""
      },
      "script": "",
      "type": "Value",
      "value": {
        "type": {
          "directive": "FunctionType",
          "implements": "",
          "inner_type": "",
          "param_id": "",
          "sub_directive": "None",
          "tags": [],
          "type": "String"
        },
        "value": ""
      },
      "variable": {
        "indices": [],
        "variable_id": ""
      }
    }
  ],
  "is_array": true,
  "is_constant": false,
  "name": "",
  "per_element_initial_values": true,
  "type": {
    "directive": "FunctionType",
    "implements": "",
    "inner_type": "",
    "param_id": "",
    "sub_directive": "None",
    "tags": [],
    "type": "String"
  }
}