{
  "00497388-4576-82DC-4F6E-749C68D3D4C9": {
    "data": {
      "seed": 21381
    },
    "facing": 1073741911,
    "kind": "DestructibleLightTree",
    "player": 0,
    "position": [
      737280,
      -311296
    ]
  },
  "02A4940C-4FDB-88D6-F59C-67B95918338A": {
    "data": {
      "seed": 19851
    },
    "facing": 41780534,
    "kind": "DestructibleForest",
    "player": 0,
    "position": [
      -671744,
      442368
    ]
  },
  "04D9578F-4E9E-5DAA-62FD-94B28A6FF7C8": {
    "data": {
      "seed": 22850
    },
    "facing": 1806227323,
    "kind": "DestructibleForest",
    "player": 0,
    "position": [
      638976,
      -573440
    ]
  },
  "05F451E6-47E7-2A8E-3915-55A3DC536C39": {
    "data": {
      "seed": 30621
    },
    "facing": 1073741853,
    "kind": "DestructibleLightTree_NoConcealment",
    "player": 0,
    "position": [
      -1097728,
      -229376
    ]
  },
  "08AC7869-43E3-1750-A055-05902186F2AA": {
    "data": {
      "seed": 9727
    },
    "facing": 0,
    "kind": "DestructibleForest",
    "player": 0,
    "position": [
      -262144,
      425984
    ]
  },
  "08C28FAE-41C5-3AF9-DF2C-0284855DE1F5": {
    "data": {
      "seed": 26389
    },
    "facing": 1115522388,
    "kind": "DestructibleForest",
    "player": 0,
    "position": [
      671744,
      -442368
    ]
  },
  "0981D62B-4CBD-D650-9B71-4EBE949E4D04": {
    "data": {
      "seed": 9050
    },
    "facing": 861496936,
    "kind": "DestructibleForest",
    "player": 0,
    "position": [
      688128,
      -770048
    ]
  },
  "0EFC1D49-4579-174F-DD97-C392EB7D6A84": {
    "data": {
      "seed": 31878
    },
    "facing": 0,
    "kind": "DestructibleLightTree_NoConcealment",
    "player": 0,
    "position": [
      1032192,
      196608
    ]
  },
  "0FAA72E4-4EAA-4860-9099-58AA14E12997": {
    "data": {
      "seed": 28919
    },
    "facing": 1901093510,
    "kind": "DestructibleForest",
    "player": 0,
    "position": [
      -671744,
      638976
    ]
  },
  "10B3C2C3-4E0D-ABDE-E82A-FA97C94906FB": {
    "data": {
      "seed": 30348
    },
    "facing": 2098493953,
    "kind": "DestructibleForest",
    "player": 0,
    "position": [
      -606208,
      737280
    ]
  },
  "11BDAEDE-4C09-DDBE-D4F2-F3AA20981915": {
    "data": {
      "seed": 28854
    },
    "facing": 511556879,
    "kind": "DestructibleForest",
    "player": 0,
    "position": [
      -671744,
      573440
    ]
  },
  "13E020C9-4583-E809-4F8F-B28311D25178": {
    "data": {
      "seed": 10687
    },
    "facing": 88836733,
    "kind": "DestructibleForest",
    "player": 0,
    "position": [
      -589824,
      868352
    ]
  },
  "1433E042-4784-CC32-681F-EFAD0B162958": {
    "data": {
      "seed": 193
    },
    "facing": 1073741911,
    "kind": "DestructibleForest",
    "player": 0,
    "position": [
      737280,
      -376832
    ]
  },
  "1621BEE8-4284-F544-C9CA-A380448A372E": {
    "data": {
      "seed": 28919
    },
    "facing": 1901093510,
    "kind": "DestructibleForest",
    "player": 0,
    "position": [
      -688128,
      704512
    ]
  },
  "1629F438-4EA2-C122-A86C-A39A43E83D6D": {
    "data": {
      "seed": 15650
    },
    "facing": 0,
    "kind": "DestructibleForest",
    "player": 0,
    "position": [
      753664,
      -344064
    ]
  },
  "1B7217AD-44FF-CD59-B5BD-EF8C6DADE772": {
    "data": {
      "seed": 11420
    },
    "facing": 1073741911,
    "kind": "DestructibleForest",
    "player": 0,
    "position": [
      704512,
      -376832
    ]
  },
  "1E017856-41CE-81CD-01E8-21A87C48C8E3": {
    "data": {
      "seed": 8442
    },
    "facing": 590464591,
    "kind": "DestructibleForest",
    "player": 0,
    "position": [
      -671744,
      737280
    ]
  },
  "1E6C5F67-4F7A-ACF1-6250-9980B423535E": {
    "data": {
      "seed": 1778
    },
    "facing": 1073741853,
    "kind": "DestructibleForest",
    "player": 0,
    "position": [
      294912,
      -376832
    ]
  },
  "1E9E700F-4323-98A9-BA34-2DAC27932D3F": {
    "data": {
      "seed": 8442
    },
    "facing": 1664206445,
    "kind": "DestructibleForest",
    "player": 0,
    "position": [
      655360,
      -770048
    ]
  },
  "206556D9-4975-BF61-D435-6AB25C9D6C01": {
    "data": {
      "seed": 30621
    },
    "facing": 1073741853,
    "kind": "DestructibleLightTree_NoConcealment",
    "player": 0,
    "position": [
      -999424,
      -180224
    ]
  },
  "2373B592-4A46-50BF-1A0D-189CA2B69F93": {
    "data": {
      "seed": 20787
    },
    "facing": 254549624,
    "kind": "DestructibleForest",
    "player": 0,
    "position": [
      606208,
      -737280
    ]
  },
  "24BC8689-41BC-7CBB-C61E-FEBA5147DED9": {
    "facing": 0,
    "kind": "MegaResourceA",
    "player": 0,
    "position": [
      -950272,
      -344064
    ]
  },
  "2712215B-4277-A225-CAED-4B809223814B": {
    "data": {
      "seed": 30122
    },
    "facing": 57,
    "kind": "DestructibleLightTree",
    "player": 0,
    "position": [
      -655360,
      212992
    ]
  },
  "28233EE0-4BAB-6D33-C4D8-BAAECA79E192": {
    "data": {
      "seed": 8244
    },
    "facing": 1298242309,
    "kind": "DestructibleForest",
    "player": 0,
    "position": [
      704512,
      -442368
    ]
  },
  "2865E42A-4659-59D7-3458-148855490ED8": {
    "data": {
      "seed": 17446
    },
    "facing": 730945217,
    "kind": "DestructibleForest",
    "player": 0,
    "position": [
      688128,
      -540672
    ]
  },
  "2B680FCA-4E5B-3BE1-3E55-ECB1BF9D54E2": {
    "data": {
      "seed": 5614
    },
    "facing": 0,
    "kind": "DestructibleForest",
    "player": 0,
    "position": [
      -360448,
      360448
    ]
  },
  "2CAD48BF-4B32-79C9-FD99-B7AF56563C39": {
    "data": {
      "seed": 15124
    },
    "facing": 1073741853,
    "kind": "DestructibleForest",
    "player": 0,
    "position": [
      294912,
      -442368
    ]
  },
  "2D778EDC-4A54-979C-FC40-2597FAA789ED": {
    "data": {
      "seed": 11350
    },
    "facing": 57,
    "kind": "DestructibleLightTree",
    "player": 0,
    "position": [
      -704512,
      245760
    ]
  },
  "3122D908-4AD9-F6A7-29CA-54909CD788A5": {
    "data": {
      "seed": 23768
    },
    "facing": 1073741853,
    "kind": "DestructibleLightTree_NoConcealment",
    "player": 0,
    "position": [
      -770048,
      311296
    ]
  },
  "31890624-4BBA-5C57-2689-68A1E20F712A": {
    "data": {
      "seed": 8621
    },
    "facing": 1073741853,
    "kind": "DestructibleForest",
    "player": 0,
    "position": [
      229376,
      -442368
    ]
  },
  "31941337-46B9-6622-E6A3-E8A39420B458": {
    "data": {
      "seed": 24047
    },
    "facing": 224500455,
    "kind": "DestructibleForest",
    "player": 0,
    "position": [
      -655360,
      475136
    ]
  },
  "340AA406-4F3B-79F8-00F2-8FA14C0A1735": {
    "data": {
      "seed": 21328
    },
    "facing": 1007482877,
    "kind": "DestructibleForest",
    "player": 0,
    "position": [
      -638976,
      507904
    ]
  },
  "360D9DCF-48D1-B554-E3FC-19993A55D0A5": {
    "data": {
      "seed": 17214
    },
    "facing": 1073741911,
    "kind": "DestructibleLightTree",
    "player": 0,
    "position": [
      704512,
      -311296
    ]
  },
  "366B0E20-42EC-D4DE-5312-61858C883F8D": {
    "facing": 0,
    "kind": "locationMarkerPlayerStart",
    "player": 2,
    "position": [
      868352,
      1048576
    ]
  },
  "36903269-4745-B869-6302-93A9138C8404": {
    "data": {
      "seed": 14989
    },
    "facing": 0,
    "kind": "DestructibleLightTree_NoConcealment",
    "player": 0,
    "position": [
      1097728,
      196608
    ]
  },
  "39C55957-4973-EA96-58F1-5A80F79EBB15": {
    "data": {
      "seed": 15124
    },
    "facing": 0,
    "kind": "DestructibleForest",
    "player": 0,
    "position": [
      -294912,
      376832
    ]
  },
  "3B895555-4BBA-85CE-AB61-25B9F6995B1B": {
    "data": {
      "seed": 21516
    },
    "facing": 1835424520,
    "kind": "DestructibleForest",
    "player": 0,
    "position": [
      -688128,
      770048
    ]
  },
  "3C165BEC-41A4-74BE-22C6-E282C58F6B1A": {
    "data": {
      "seed": 848
    },
    "facing": 57,
    "kind": "DestructibleForest",
    "player": 0,
    "position": [
      -720896,
      344064
    ]
  },
  "3C3FF917-4CF2-E26D-A243-A587A3E15E8F": {
    "data": {
      "seed": 32516
    },
    "facing": 1073741853,
    "kind": "DestructibleForest",
    "player": 0,
    "position": [
      262144,
      -458752
    ]
  },
  "3D07BF59-4820-BE14-7042-CEB536DE3180": {
    "data": {
      "seed": 2084
    },
    "facing": 1534834483,
    "kind": "DestructibleForest",
    "player": 0,
    "position": [
      622592,
      -540672
    ]
  },
  "3D8464FF-4674-087E-824B-11ABBABFE2B0": {
    "facing": 0,
    "kind": "MegaResourceA",
    "player": 0,
    "position": [
      950272,
      344064
    ]
  },
  "3E0C80C0-49E0-67AA-9CE5-0AB9ABC912FF": {
    "data": {
      "seed": 2313
    },
    "facing": 1748291691,
    "kind": "DestructibleForest",
    "player": 0,
    "position": [
      671744,
      -638976
    ]
  },
  "3E6577F2-406D-86E9-44BB-19945574EF60": {
    "data": {
      "seed": 17334
    },
    "facing": 1214845201,
    "kind": "DestructibleForest",
    "player": 0,
    "position": [
      -655360,
      540672
    ]
  },
  "3ED51413-4F50-3D71-28A3-AFA6F4C5EB62": {
    "data": {
      "seed": 17371
    },
    "facing": 1293556247,
    "kind": "DestructibleForest",
    "player": 0,
    "position": [
      -655360,
      606208
    ]
  },
  "3EF214A0-4AFE-9261-F82C-5C9BB05105B5": {
    "data": {
      "seed": 16351
    },
    "facing": 1073741911,
    "kind": "DestructibleLightTree",
    "player": 0,
    "position": [
      638976,
      -245760
    ]
  },
  "3F54B4C9-4A1F-6CB0-0004-73A0518486DB": {
    "data": {
      "seed": 30621
    },
    "facing": 0,
    "kind": "DestructibleLightTree_NoConcealment",
    "player": 0,
    "position": [
      999424,
      212992
    ]
  },
  "47B74A5A-452E-61B3-3F4D-84BF927A5F4E": {
    "data": {
      "seed": 19942
    },
    "facing": 771447786,
    "kind": "DestructibleForest",
    "player": 0,
    "position": [
      622592,
      -606208
    ]
  },
  "48BEC470-4261-2854-FD4C-4D9481ABBE88": {
    "data": {
      "seed": 19115
    },
    "facing": 1073741911,
    "kind": "DestructibleLightTree",
    "player": 0,
    "position": [
      638976,
      -180224
    ]
  },
  "4C0880A0-4963-FFAC-C2C1-E39117DE3404": {
    "facing": 0,
    "kind": "ResourceB_Generator_2x2",
    "player": 0,
    "position": [
      147456,
      -1261568
    ]
  },
  "4F9E3F0A-40E8-8038-5B34-7FA61A6D56F8": {
    "data": {
      "seed": 8621
    },
    "facing": 0,
    "kind": "DestructibleForest",
    "player": 0,
    "position": [
      -229376,
      409600
    ]
  },
  "50DB398F-42A5-6FF0-FDEE-6094D096CB25": {
    "data": {
      "seed": 13422
    },
    "facing": 1476145170,
    "kind": "DestructibleForest",
    "player": 0,
    "position": [
      -573440,
      835584
    ]
  },
  "52298A90-4A5B-86D9-22C9-6AACB93DE80B": {
    "data": {
      "seed": 22704
    },
    "facing": 924249622,
    "kind": "DestructibleForest",
    "player": 0,
    "position": [
      -573440,
      802816
    ]
  },
  "523536C2-49DD-67A0-54E1-82B303834FE9": {
    "data": {
      "seed": 24084
    },
    "facing": 652594605,
    "kind": "DestructibleForest",
    "player": 0,
    "position": [
      -622592,
      884736
    ]
  },
  "537C5006-49F2-A09E-3D06-19814DAC7645": {
    "data": {
      "seed": 9898
    },
    "facing": 0,
    "kind": "DestructibleLightTree_NoConcealment",
    "player": 0,
    "position": [
      1097728,
      262144
    ]
  },
  "54679902-49B6-70AF-30A6-2291D6A96DC3": {
    "data": {
      "seed": 21512
    },
    "facing": 1298242309,
    "kind": "DestructibleForest",
    "player": 0,
    "position": [
      655360,
      -475136
    ]
  },
  "55517778-48FC-F0CB-B2D6-15BFE5EAB90C": {
    "data": {
      "seed": 5665
    },
    "facing": 1549351056,
    "kind": "DestructibleForest",
    "player": 0,
    "position": [
      -638976,
      737280
    ]
  },
  "566F97D2-4CDB-4534-45D0-4897F31E4302": {
    "facing": 0,
    "kind": "ResourceB_Generator_2x2",
    "player": 0,
    "position": [
      -1081344,
      -425984
    ]
  },
  "567D4B1C-4F17-A7F7-AF0E-BF8040048423": {
    "data": {
      "seed": 9764
    },
    "facing": 135401468,
    "kind": "DestructibleForest",
    "player": 0,
    "position": [
      671744,
      -933888
    ]
  },
  "5842DBAD-4CFA-F80E-0FD9-10A4BA29BF44": {
    "data": {
      "seed": 11555
    },
    "facing": 1073741853,
    "kind": "DestructibleLightTree_NoConcealment",
    "player": 0,
    "position": [
      -1032192,
      -262144
    ]
  },
  "588038CE-459F-5260-9627-03AEC54C7D74": {
    "data": {
      "seed": 29001
    },
    "facing": 1073741853,
    "kind": "DestructibleForest",
    "player": 0,
    "position": [
      327680,
      -425984
    ]
  },
  "590FF04A-4BA7-4041-01CF-0FB06150949A": {
    "facing": 1073741853,
    "kind": "MegaResourceA",
    "player": 0,
    "position": [
      -622592,
      966656
    ]
  },
  "5B4DF40C-4982-1F6E-D0D5-1C9401EC0F7C": {
    "data": {
      "seed": 14268
    },
    "facing": 623397486,
    "kind": "DestructibleForest",
    "player": 0,
    "position": [
      688128,
      -606208
    ]
  },
  "5C98DF1F-45DC-005C-DDE8-F0883A8469B0": {
    "data": {
      "seed": 9050
    },
    "facing": 1935238789,
    "kind": "DestructibleForest",
    "player": 0,
    "position": [
      -704512,
      950272
    ]
  },
  "5CE45239-4882-7953-F4CB-47A7EBDD0306": {
    "data": {
      "seed": 3036
    },
    "facing": 1073741853,
    "kind": "DestructibleForest",
    "player": 0,
    "position": [
      327680,
      -360448
    ]
  },
  "5D3C9899-4C9A-EB1F-F62B-0CBB4A7F30AC": {
    "data": {
      "seed": 2313
    },
    "facing": 1748291691,
    "kind": "DestructibleForest",
    "player": 0,
    "position": [
      688128,
      -704512
    ]
  },
  "5E466303-4AE1-C2AD-338E-EDBE83BF0765": {
    "data": {
      "seed": 20522
    },
    "facing": 1736658699,
    "kind": "DestructibleForest",
    "player": 0,
    "position": [
      -655360,
      704512
    ]
  },
  "5FE170A7-49CB-FD0D-7AD5-FA8FA616B0A3": {
    "data": {
      "seed": 31878
    },
    "facing": 1073741853,
    "kind": "DestructibleLightTree_NoConcealment",
    "player": 0,
    "position": [
      -1032192,
      -163840
    ]
  },
  "634C5505-4A2A-925D-AA62-32A5A3F2AEEA": {
    "data": {
      "seed": 12460
    },
    "facing": 69437556,
    "kind": "DestructibleForest",
    "player": 0,
    "position": [
      -704512,
      507904
    ]
  },
  "66232F10-4DFB-7EA9-15A1-2E8B4DFC1D56": {
    "data": {
      "seed": 5665
    },
    "facing": 475609202,
    "kind": "DestructibleForest",
    "player": 0,
    "position": [
      622592,
      -770048
    ]
  },
  "67B9F7D5-4B8C-8863-B6C8-E1A688740F7C": {
    "data": {
      "seed": 28802
    },
    "facing": 202184686,
    "kind": "DestructibleForest",
    "player": 0,
    "position": [
      606208,
      -573440
    ]
  },
  "688CCED6-42A5-E992-79C4-6AACD45CDB48": {
    "data": {
      "seed": 2073
    },
    "facing": 1585298733,
    "kind": "DestructibleForest",
    "player": 0,
    "position": [
      671744,
      -573440
    ]
  },
  "69C46D34-42B4-E6FA-69FB-CA906D23446F": {
    "data": {
      "seed": 9057
    },
    "facing": 1031371491,
    "kind": "DestructibleForest",
    "player": 0,
    "position": [
      638976,
      -638976
    ]
  },
  "69F4D0D6-474A-0704-7F9E-BE994DE343A2": {
    "data": {
      "seed": 8060
    },
    "facing": 392212149,
    "kind": "DestructibleForest",
    "player": 0,
    "position": [
      -671744,
      933888
    ]
  },
  "6BB98A3F-4CF1-B146-41E4-EBADD558979E": {
    "facing": 0,
    "kind": "RichMegaResourceA",
    "player": 0,
    "position": [
      802816,
      -753664
    ]
  },
  "6C714B42-4755-8DE6-75EB-E8AF7288E9D6": {
    "data": {
      "seed": 9928
    },
    "facing": 57,
    "kind": "DestructibleLightTree",
    "player": 0,
    "position": [
      -753664,
      278528
    ]
  },
  "6DABA709-4C92-C516-661A-12AD415AB37D": {
    "data": {
      "seed": 19313
    },
    "facing": 2081224731,
    "kind": "DestructibleForest",
    "player": 0,
    "position": [
      638976,
      -507904
    ]
  },
  "6F4D78B5-48C2-7D5B-01DC-939E76DEBB79": {
    "data": {
      "seed": 2649
    },
    "facing": 1562425936,
    "kind": "DestructibleForest",
    "player": 0,
    "position": [
      589824,
      -770048
    ]
  },
  "6FE4F712-45A2-C896-9DAB-94A4E5394800": {
    "data": {
      "seed": 10687
    },
    "facing": 1162578587,
    "kind": "DestructibleForest",
    "player": 0,
    "position": [
      573440,
      -835584
    ]
  },
  "706A0D81-48A5-FA64-0C1B-A2AA241781E2": {
    "data": {
      "seed": 28919
    },
    "facing": 827351656,
    "kind": "DestructibleForest",
    "player": 0,
    "position": [
      638976,
      -671744
    ]
  },
  "7110E910-47DE-0E6A-3DFE-168AD83B12C0": {
    "data": {
      "seed": 27363
    },
    "facing": 57,
    "kind": "DestructibleLightTree",
    "player": 0,
    "position": [
      -671744,
      180224
    ]
  },
  "7580DA6D-4052-6E91-2B33-7DAA933C34A0": {
    "data": {
      "seed": 15952
    },
    "facing": 1073741853,
    "kind": "DestructibleForest",
    "player": 0,
    "position": [
      229376,
      -409600
    ]
  },
  "75D03E56-4D03-F626-FC79-7BA324F40183": {
    "data": {
      "seed": 31695
    },
    "facing": 1073741853,
    "kind": "DestructibleLightTree_NoConcealment",
    "player": 0,
    "position": [
      -1032192,
      -196608
    ]
  },
  "762DB6C1-4B35-40DF-01A0-66AC7E767EA6": {
    "data": {
      "seed": 7322
    },
    "facing": 1073741911,
    "kind": "DestructibleLightTree",
    "player": 0,
    "position": [
      704512,
      -245760
    ]
  },
  "76A043E5-4963-D161-2297-AABE2886BCD6": {
    "data": {
      "seed": 31292
    },
    "facing": 0,
    "kind": "DestructibleLightTree",
    "player": 0,
    "position": [
      -1064960,
      -278528
    ]
  },
  "7A6FF2D5-4C29-47C3-FAEF-4E968C7C0ECA": {
    "data": {
      "seed": 28529
    },
    "facing": 0,
    "kind": "DestructibleForest",
    "player": 0,
    "position": [
      -294912,
      409600
    ]
  },
  "7AA0E5C3-444E-8E5A-0776-E6B50FDD82E7": {
    "data": {
      "seed": 12143
    },
    "facing": 623299118,
    "kind": "DestructibleForest",
    "player": 0,
    "position": [
      -655360,
      770048
    ]
  },
  "7C32AF52-4DEE-9361-D5DB-E2AFBF2FEB08": {
    "data": {
      "seed": 2435
    },
    "facing": 1073741853,
    "kind": "DestructibleLightTree_NoConcealment",
    "player": 0,
    "position": [
      -1064960,
      -180224
    ]
  },
  "7D202F0B-4819-C4A2-C90C-F8B11AC91330": {
    "data": {
      "seed": 7743
    },
    "facing": 57,
    "kind": "DestructibleLightTree",
    "player": 0,
    "position": [
      -638976,
      245760
    ]
  },
  "7D4AACC8-4900-BEFB-13D7-DB94077DD21C": {
    "data": {
      "seed": 8941
    },
    "facing": 732485469,
    "kind": "DestructibleForest",
    "player": 0,
    "position": [
      -638976,
      573440
    ]
  },
  "7DCD1C36-4C17-C978-0122-6ABFABFBB398": {
    "data": {
      "seed": 14989
    },
    "facing": 1073741853,
    "kind": "DestructibleLightTree_NoConcealment",
    "player": 0,
    "position": [
      -1097728,
      -262144
    ]
  },
  "7F3D992A-4D3A-D7C7-11EA-3CAD4B6282A7": {
    "data": {
      "seed": 17573
    },
    "facing": 0,
    "kind": "DestructibleForest",
    "player": 0,
    "position": [
      -327680,
      393216
    ]
  },
  "7F3EEC74-4990-24A4-CDC2-FE8785560E29": {
    "data": {
      "seed": 2313
    },
    "facing": 674549837,
    "kind": "DestructibleForest",
    "player": 0,
    "position": [
      -606208,
      638976
    ]
  },
  "7F8C399B-453F-D651-2E6B-B2B2DB70BBC9": {
    "data": {
      "seed": 13422
    },
    "facing": 1476145170,
    "kind": "DestructibleForest",
    "player": 0,
    "position": [
      -655360,
      901120
    ]
  },
  "809E971E-4AD5-81F1-EDEC-97AD0C2356D2": {
    "data": {
      "seed": 11729
    },
    "facing": 1884807365,
    "kind": "DestructibleForest",
    "player": 0,
    "position": [
      688128,
      -409600
    ]
  },
  "81E36AF7-4ACC-A36B-1A28-47A7DD8C8D9E": {
    "data": {
      "seed": 12272
    },
    "facing": 1007482877,
    "kind": "DestructibleForest",
    "player": 0,
    "position": [
      -688128,
      475136
    ]
  },
  "8492CD5E-4291-744C-0FA1-F895FA07E54B": {
    "facing": 0,
    "kind": "ResourceB_Generator_2x2",
    "player": 0,
    "position": [
      720896,
      1163264
    ]
  },
  "84AAEA94-4DC9-74CA-1B93-C48C7C65AB36": {
    "data": {
      "seed": 4592
    },
    "facing": 1143179409,
    "kind": "DestructibleForest",
    "player": 0,
    "position": [
      704512,
      -507904
    ]
  },
  "85B32B58-4BCC-CD59-8BF1-EBBED953A445": {
    "data": {
      "seed": 4269
    },
    "facing": 1073741911,
    "kind": "DestructibleLightTree",
    "player": 0,
    "position": [
      720896,
      -212992
    ]
  },
  "871325C4-4635-4E71-7B96-C68578D0B00F": {
    "facing": 0,
    "kind": "MegaResourceA",
    "player": 0,
    "position": [
      -49152,
      458752
    ]
  },
  "89998EEE-47D2-776B-7E5A-E381D83A5105": {
    "data": {
      "seed": 9050
    },
    "facing": 1935238789,
    "kind": "DestructibleForest",
    "player": 0,
    "position": [
      -589824,
      770048
    ]
  },
  "89C89EEF-4122-4F01-BC7F-919040847493": {
    "data": {
      "seed": 23189
    },
    "facing": 1275926540,
    "kind": "DestructibleForest",
    "player": 0,
    "position": [
      -606208,
      573440
    ]
  },
  "8CB825D6-4F0E-F019-4110-A6942CA1026F": {
    "facing": 0,
    "kind": "Wellspring1v1",
    "player": 0,
    "position": [
      -966656,
      81920
    ]
  },
  "906F2269-45CA-34EB-9408-03B462F7D260": {
    "data": {
      "seed": 12092
    },
    "facing": 224500455,
    "kind": "DestructibleForest",
    "player": 0,
    "position": [
      -704512,
      442368
    ]
  },
  "90A84EEF-44F7-5E7D-6EEB-7F94CB848165": {
    "facing": 0,
    "kind": "locationMarkerPlayerStart",
    "player": 1,
    "position": [
      -868352,
      -1048576
    ]
  },
  "9201E0AF-4294-C008-3298-C28311A27CB6": {
    "facing": 0,
    "kind": "_StormgateObjective_TugOfWar2",
    "player": 31,
    "position": [
      524288,
      98304
    ]
  },
  "94686328-4DAC-2EA8-C9DC-97876F39780C": {
    "facing": 0,
    "kind": "MegaResourceA",
    "player": 0,
    "position": [
      -32768,
      -1081344
    ]
  },
  "9518C41D-4793-67A9-2CD4-85803298704E": {
    "facing": 0,
    "kind": "Wellspring1v1",
    "player": 0,
    "position": [
      966656,
      -81920
    ]
  },
  "96111561-4DBC-B9AE-8A5F-CDB406531653": {
    "data": {
      "seed": 19942
    },
    "facing": 1845189640,
    "kind": "DestructibleForest",
    "player": 0,
    "position": [
      -688128,
      606208
    ]
  },
  "96EEF146-4FA0-B7A9-CCEC-19A052F84F4B": {
    "data": {
      "seed": 15952
    },
    "facing": 0,
    "kind": "DestructibleForest",
    "player": 0,
    "position": [
      -294912,
      442368
    ]
  },
  "972203CF-4413-663A-FAFA-B9B1272DD057": {
    "data": {
      "seed": 1015
    },
    "facing": 57,
    "kind": "DestructibleForest",
    "player": 0,
    "position": [
      -737280,
      376832
    ]
  },
  "98820AA5-4DA9-C025-B559-87B49421DA5C": {
    "data": {
      "seed": 2435
    },
    "facing": 0,
    "kind": "DestructibleLightTree_NoConcealment",
    "player": 0,
    "position": [
      1064960,
      212992
    ]
  },
  "991E5DAA-44C5-548F-2D10-569B70963629": {
    "data": {
      "seed": 25957
    },
    "facing": 41780534,
    "kind": "DestructibleForest",
    "player": 0,
    "position": [
      -720896,
      409600
    ]
  },
  "99775EE6-4697-7909-EFCD-D99005F524BC": {
    "facing": 0,
    "kind": "ResourceB_Generator_2x2",
    "player": 0,
    "position": [
      -720896,
      -1163264
    ]
  },
  "9B2717E5-4BB0-B8D0-747D-CDB6DBE47413": {
    "data": {
      "seed": 28005
    },
    "facing": 2081224731,
    "kind": "DestructibleForest",
    "player": 0,
    "position": [
      688128,
      -475136
    ]
  },
  "9C7085A6-49FC-E778-97E3-C6AEAA402AE7": {
    "data": {
      "seed": 20522
    },
    "facing": 662916845,
    "kind": "DestructibleForest",
    "player": 0,
    "position": [
      638976,
      -737280
    ]
  },
  "9FDF77DD-43EF-98C5-C6CA-E0A3B1D46BF6": {
    "facing": 0,
    "kind": "MegaResourceA",
    "player": 0,
    "position": [
      49152,
      -458752
    ]
  },
  "9FEB8A8B-4DB5-8DEE-F828-C5A4A4E24E5F": {
    "facing": 0,
    "kind": "_StormgateObjective_TugOfWar1",
    "player": 31,
    "position": [
      -524434,
      -96911
    ]
  },
  "A10D1DC2-4805-FE35-3AF4-99815B39277E": {
    "data": {
      "seed": 1588
    },
    "facing": 57,
    "kind": "DestructibleLightTree",
    "player": 0,
    "position": [
      -737280,
      245760
    ]
  },
  "A13D814F-4FE9-E000-84A5-8C875D7A3999": {
    "data": {
      "seed": 31175
    },
    "facing": 1073741911,
    "kind": "DestructibleLightTree",
    "player": 0,
    "position": [
      671744,
      -180224
    ]
  },
  "A1909184-45E0-ABA6-2816-18969AF45AA8": {
    "data": {
      "seed": 5645
    },
    "facing": 0,
    "kind": "DestructibleForest",
    "player": 0,
    "position": [
      -360448,
      393216
    ]
  },
  "A29F9A40-4A57-3403-1CB3-E7A8EA2AA8EE": {
    "data": {
      "seed": 28102
    },
    "facing": 0,
    "kind": "DestructibleForest",
    "player": 0,
    "position": [
      -229376,
      442368
    ]
  },
  "A2DCA0B1-46DF-1771-93F3-C2AD97D235D3": {
    "data": {
      "seed": 18727
    },
    "facing": 1804687071,
    "kind": "DestructibleForest",
    "player": 0,
    "position": [
      -688128,
      540672
    ]
  },
  "A48C8F30-4D24-6176-DF84-6CBD9E39DBC4": {
    "data": {
      "seed": 8757
    },
    "facing": 1073741911,
    "kind": "DestructibleLightTree",
    "player": 0,
    "position": [
      671744,
      -245760
    ]
  },
  "A4D3D1AB-43F2-72DF-3BA5-2E8072BF5E75": {
    "data": {
      "seed": 1081
    },
    "facing": 1073741911,
    "kind": "DestructibleLightTree",
    "player": 0,
    "position": [
      622592,
      -212992
    ]
  },
  "A6D3BD34-4E3C-07A6-F11B-5388D4BAF468": {
    "data": {
      "seed": 452
    },
    "facing": 1416931604,
    "kind": "DestructibleForest",
    "player": 0,
    "position": [
      655360,
      -704512
    ]
  },
  "A92A6B7B-4EF3-D452-DAD1-66A4B174D472": {
    "data": {
      "seed": 9057
    },
    "facing": 2105113345,
    "kind": "DestructibleForest",
    "player": 0,
    "position": [
      -622592,
      606208
    ]
  },
  "A93CE2CC-4DCC-0B0B-EFDF-88AD700282C5": {
    "data": {
      "seed": 28945
    },
    "facing": 0,
    "kind": "DestructibleLightTree_NoConcealment",
    "player": 0,
    "position": [
      1032192,
      262144
    ]
  },
  "A9FE6AB4-4CF3-CCD7-2F0D-2393B0092364": {
    "data": {
      "seed": 5491
    },
    "facing": 0,
    "kind": "DestructibleForest",
    "player": 0,
    "position": [
      -262144,
      458752
    ]
  },
  "AA98D25A-4CE3-A4A4-0293-69AE06085CF3": {
    "data": {
      "seed": 16884
    },
    "facing": 1416308992,
    "kind": "DestructibleForest",
    "player": 0,
    "position": [
      -671744,
      507904
    ]
  },
  "AC127D2A-48E0-C7E6-2742-B59C8BBDBEAC": {
    "data": {
      "seed": 27976
    },
    "facing": 1073741911,
    "kind": "DestructibleForest",
    "player": 0,
    "position": [
      720896,
      -344064
    ]
  },
  "AD2AE5FF-489E-0472-AC22-9B89822A3CD5": {
    "facing": 0,
    "kind": "MegaResourceA",
    "player": 0,
    "position": [
      -868352,
      -1212416
    ]
  },
  "AD81308D-432F-957D-203B-4E98AE597C37": {
    "data": {
      "seed": 10687
    },
    "facing": 1162578587,
    "kind": "DestructibleForest",
    "player": 0,
    "position": [
      655360,
      -901120
    ]
  },
  "ADB10822-411E-D6F5-F583-9BA2DEDC0C03": {
    "data": {
      "seed": 31940
    },
    "facing": 0,
    "kind": "DestructibleForest",
    "player": 0,
    "position": [
      -262144,
      393216
    ]
  },
  "ADF7A63C-4EA3-DECC-5EC7-8C9F63EF064B": {
    "data": {
      "seed": 17371
    },
    "facing": 219814393,
    "kind": "DestructibleForest",
    "player": 0,
    "position": [
      606208,
      -638976
    ]
  },
  "AE1167C9-41FD-FB57-FD9B-6C9C65E01D9B": {
    "data": {
      "seed": 8464
    },
    "facing": 57,
    "kind": "DestructibleLightTree",
    "player": 0,
    "position": [
      -737280,
      311296
    ]
  },
  "AF3FF90E-4741-FBE2-CB7F-A58592FEDADB": {
    "data": {
      "seed": 28945
    },
    "facing": 1073741853,
    "kind": "DestructibleLightTree_NoConcealment",
    "player": 0,
    "position": [
      -1032192,
      -229376
    ]
  },
  "B3D58D50-48DD-F676-0B59-9ABA150E714E": {
    "data": {
      "seed": 18723
    },
    "facing": 141103348,
    "kind": "DestructibleForest",
    "player": 0,
    "position": [
      655360,
      -540672
    ]
  },
  "B4399B50-42FB-6A68-67F9-218CB0D90809": {
    "data": {
      "seed": 32372
    },
    "facing": 57,
    "kind": "DestructibleLightTree",
    "player": 0,
    "position": [
      -688128,
      212992
    ]
  },
  "B5E5DD0C-4B16-E72F-139F-6A8333FD0354": {
    "data": {
      "seed": 17371
    },
    "facing": 219814393,
    "kind": "DestructibleForest",
    "player": 0,
    "position": [
      671744,
      -671744
    ]
  },
  "B65F8B1B-4B35-4EC0-9A05-FB9DF19BD742": {
    "data": {
      "seed": 452
    },
    "facing": 1416931604,
    "kind": "DestructibleForest",
    "player": 0,
    "position": [
      622592,
      -704512
    ]
  },
  "B695DA9F-4BDA-1673-6FC5-3E9DA6BCFE5E": {
    "facing": 0,
    "kind": "MegaResourceA",
    "player": 0,
    "position": [
      32768,
      1081344
    ]
  },
  "B7A9E14B-4E85-997B-47A2-01AA784BFBE0": {
    "data": {
      "seed": 13422
    },
    "facing": 402403316,
    "kind": "DestructibleForest",
    "player": 0,
    "position": [
      622592,
      -884736
    ]
  },
  "B82EEAAA-4179-F0BF-54AD-52B9111D76A1": {
    "data": {
      "seed": 15854
    },
    "facing": 57,
    "kind": "DestructibleLightTree",
    "player": 0,
    "position": [
      -720896,
      212992
    ]
  },
  "B88D3C44-4395-F5D4-3659-28A3C404953E": {
    "facing": 0,
    "kind": "MegaResourceA",
    "player": 0,
    "position": [
      868352,
      1212416
    ]
  },
  "B959A531-4F40-0214-5808-04974BA6F149": {
    "data": {
      "seed": 18569
    },
    "facing": 1073741853,
    "kind": "DestructibleForest",
    "player": 0,
    "position": [
      360448,
      -327680
    ]
  },
  "BA141C75-4156-C349-959D-C791415C3FEA": {
    "data": {
      "seed": 2074
    },
    "facing": 1073741853,
    "kind": "DestructibleForest",
    "player": 0,
    "position": [
      294912,
      -409600
    ]
  },
  "BDD50D9C-45B1-7275-C9D7-7FBD504AE5A5": {
    "facing": 0,
    "kind": "RichMegaResourceA",
    "player": 0,
    "position": [
      -802816,
      753664
    ]
  },
  "BEC20B5F-46DD-F339-EC25-21A0D9001675": {
    "data": {
      "seed": 5077
    },
    "facing": 1073741911,
    "kind": "DestructibleLightTree",
    "player": 0,
    "position": [
      688128,
      -278528
    ]
  },
  "BF63395A-438C-9CBA-5410-0B825565AC8E": {
    "facing": 0,
    "kind": "_StormgateObjectiveSubmerged1",
    "player": 31,
    "position": [
      -524288,
      -98304
    ]
  },
  "BFCCB0FB-4EAF-E814-4A14-46AF668E0130": {
    "data": {
      "seed": 25701
    },
    "facing": 0,
    "kind": "DestructibleLightTree_NoConcealment",
    "player": 0,
    "position": [
      770048,
      -311296
    ]
  },
  "C060A8B6-4C71-F5BF-D6D1-B99ECDE7E48A": {
    "data": {
      "seed": 2649
    },
    "facing": 1562425936,
    "kind": "DestructibleForest",
    "player": 0,
    "position": [
      704512,
      -950272
    ]
  },
  "C0F5EC75-4511-5929-0DAA-358BB221BFA5": {
    "facing": 0,
    "kind": "_StormgateObjectiveSubmerged0",
    "player": 31,
    "position": [
      0,
      0
    ]
  },
  "C1269406-47F6-CBF9-E670-288BC5260C30": {
    "data": {
      "seed": 3704
    },
    "facing": 57,
    "kind": "DestructibleLightTree",
    "player": 0,
    "position": [
      -671744,
      245760
    ]
  },
  "C409DF1E-494E-4234-B8E4-8C864B146C2F": {
    "data": {
      "seed": 452
    },
    "facing": 343189750,
    "kind": "DestructibleForest",
    "player": 0,
    "position": [
      -638976,
      671744
    ]
  },
  "C4C50CFF-4CB8-794B-4894-74AF19835E49": {
    "data": {
      "seed": 251
    },
    "facing": 0,
    "kind": "DestructibleLightTree_NoConcealment",
    "player": 0,
    "position": [
      1097728,
      229376
    ]
  },
  "C4D3722A-4043-95E5-02B4-158F8C9A3D65": {
    "data": {
      "seed": 433
    },
    "facing": 0,
    "kind": "DestructibleForest",
    "player": 0,
    "position": [
      -360448,
      327680
    ]
  },
  "C4E79DE2-43A7-625F-AC02-65B39DFF6FB5": {
    "data": {
      "seed": 19902
    },
    "facing": 1073741911,
    "kind": "DestructibleLightTree",
    "player": 0,
    "position": [
      720896,
      -278528
    ]
  },
  "CA6116FE-44D1-C325-9D02-649A99A5C2BF": {
    "data": {
      "seed": 2313
    },
    "facing": 674549837,
    "kind": "DestructibleForest",
    "player": 0,
    "position": [
      -671744,
      671744
    ]
  },
  "CB0B322E-4627-576C-32F3-1D94E8AA4455": {
    "data": {
      "seed": 31695
    },
    "facing": 0,
    "kind": "DestructibleLightTree_NoConcealment",
    "player": 0,
    "position": [
      1032192,
      229376
    ]
  },
  "CCB23637-4645-6037-48A7-33AF3518E2F7": {
    "data": {
      "seed": 28529
    },
    "facing": 1073741853,
    "kind": "DestructibleForest",
    "player": 0,
    "position": [
      262144,
      -393216
    ]
  },
  "CF6C6C09-4DC3-E068-635E-DEA03BCB3D36": {
    "data": {
      "seed": 29312
    },
    "facing": 1073741911,
    "kind": "DestructibleLightTree",
    "player": 0,
    "position": [
      655360,
      -212992
    ]
  },
  "D286828A-4ED0-2F66-30DE-7B913ED77321": {
    "data": {
      "seed": 24764
    },
    "facing": 57,
    "kind": "DestructibleLightTree",
    "player": 0,
    "position": [
      -688128,
      278528
    ]
  },
  "D4A850D6-4B82-0C61-A358-3EA66CF67E1A": {
    "facing": 1073741853,
    "kind": "ResourceB_Generator_2x2",
    "player": 0,
    "position": [
      -425984,
      1048576
    ]
  },
  "D6C1F664-469B-C7D5-1AC5-D780D30E0252": {
    "data": {
      "seed": 2435
    },
    "facing": 0,
    "kind": "DestructibleLightTree_NoConcealment",
    "player": 0,
    "position": [
      1032192,
      163840
    ]
  },
  "D96153EC-462E-5C99-C10E-7594127E7451": {
    "data": {
      "seed": 31878
    },
    "facing": 1073741853,
    "kind": "DestructibleLightTree_NoConcealment",
    "player": 0,
    "position": [
      -1064960,
      -212992
    ]
  },
  "DA0A6D0E-4605-F1F3-A4F3-D78D996340B8": {
    "data": {
      "seed": 16685
    },
    "facing": 57,
    "kind": "DestructibleLightTree",
    "player": 0,
    "position": [
      -622592,
      212992
    ]
  },
  "DB460E68-4CB9-B6D4-247C-D99ECBDC8AFA": {
    "data": {
      "seed": 5493
    },
    "facing": 1073741911,
    "kind": "DestructibleLightTree",
    "player": 0,
    "position": [
      688128,
      -212992
    ]
  },
  "DB4AFE3D-435B-71AC-3565-39AE5D5930ED": {
    "data": {
      "seed": 16524
    },
    "facing": 1073741911,
    "kind": "DestructibleLightTree",
    "player": 0,
    "position": [
      753664,
      -278528
    ]
  },
  "DBD97FD5-488E-16B7-FB17-5B91FB165EC9": {
    "facing": 0,
    "kind": "_StormgateObjectiveSubmerged2",
    "player": 31,
    "position": [
      524288,
      98304
    ]
  },
  "DBF086B3-477A-646F-4775-339E9DAF23A7": {
    "data": {
      "seed": 3496
    },
    "facing": 0,
    "kind": "DestructibleForest",
    "player": 0,
    "position": [
      -393216,
      344064
    ]
  },
  "DC218B83-4B89-9858-8993-8E84286F976E": {
    "data": {
      "seed": 9873
    },
    "facing": 1115522388,
    "kind": "DestructibleForest",
    "player": 0,
    "position": [
      720896,
      -409600
    ]
  },
  "DC5DFB2B-44A4-3BB2-E3D4-0EAD652B195C": {
    "data": {
      "seed": 7979
    },
    "facing": 1073741853,
    "kind": "DestructibleForest",
    "player": 0,
    "position": [
      -753664,
      344064
    ]
  },
  "DD3B92FA-4585-EA5C-63C9-8A8B95F3AD26": {
    "data": {
      "seed": 251
    },
    "facing": 1073741853,
    "kind": "DestructibleLightTree_NoConcealment",
    "player": 0,
    "position": [
      -1097728,
      -196608
    ]
  },
  "DE6221D6-45F1-C1B1-61FA-489C7763F25B": {
    "data": {
      "seed": 20997
    },
    "facing": 1073741853,
    "kind": "DestructibleLightTree",
    "player": 0,
    "position": [
      1064960,
      278528
    ]
  },
  "DF625347-48C1-7195-EA05-9BABE827EDBD": {
    "data": {
      "seed": 8442
    },
    "facing": 590464591,
    "kind": "DestructibleForest",
    "player": 0,
    "position": [
      -622592,
      770048
    ]
  },
  "DFDA4F5D-427C-2248-16B6-3799BDA6CE96": {
    "data": {
      "seed": 22186
    },
    "facing": 1073741911,
    "kind": "DestructibleLightTree",
    "player": 0,
    "position": [
      737280,
      -245760
    ]
  },
  "E248269A-441F-7FD0-703F-48AA9C13BA3E": {
    "data": {
      "seed": 13156
    },
    "facing": 1073741853,
    "kind": "DestructibleLightTree_NoConcealment",
    "player": 0,
    "position": [
      -999424,
      -212992
    ]
  },
  "E3EC8E42-4465-375B-28CD-9AB5D8E86D95": {
    "data": {
      "seed": 18885
    },
    "facing": 57,
    "kind": "DestructibleForest",
    "player": 0,
    "position": [
      -704512,
      376832
    ]
  },
  "E403FF14-469A-2B6F-F9C0-F29D8C5A0FEB": {
    "data": {
      "seed": 2537
    },
    "facing": 811065511,
    "kind": "DestructibleForest",
    "player": 0,
    "position": [
      -688128,
      409600
    ]
  },
  "E497E41D-443A-DE94-6D5E-D0A9F6E54018": {
    "facing": 0,
    "kind": "_StormgateObjective_TugOfWar0",
    "player": 31,
    "position": [
      0,
      0
    ]
  },
  "E5B066FE-4A74-59AF-BFA9-A1843DEE2B3C": {
    "data": {
      "seed": 12381
    },
    "facing": 57,
    "kind": "DestructibleLightTree",
    "player": 0,
    "position": [
      -704512,
      311296
    ]
  },
  "E5CA161E-44D9-F6EE-149D-A7B6A78BA35A": {
    "facing": 0,
    "kind": "ResourceB_Generator_2x2",
    "player": 0,
    "position": [
      -147456,
      1261568
    ]
  },
  "E5F51AD5-41DE-083F-17DD-A3B0029F764A": {
    "data": {
      "seed": 251
    },
    "facing": 0,
    "kind": "DestructibleLightTree_NoConcealment",
    "player": 0,
    "position": [
      999424,
      180224
    ]
  },
  "E756AF7E-4A27-7B07-5614-2DBF6F73559B": {
    "data": {
      "seed": 22030
    },
    "facing": 57,
    "kind": "DestructibleLightTree",
    "player": 0,
    "position": [
      -720896,
      278528
    ]
  },
  "E8A7F274-43D7-71AE-1FDE-28ADF31ACFE3": {
    "data": {
      "seed": 5665
    },
    "facing": 475609202,
    "kind": "DestructibleForest",
    "player": 0,
    "position": [
      671744,
      -737280
    ]
  },
  "EA198407-4CBC-6676-0008-47A0B3729C18": {
    "data": {
      "seed": 3496
    },
    "facing": 1073741853,
    "kind": "DestructibleForest",
    "player": 0,
    "position": [
      360448,
      -360448
    ]
  },
  "EA4E6D33-48C6-0596-47FB-34849228EE2B": {
    "data": {
      "seed": 2357
    },
    "facing": 57,
    "kind": "DestructibleLightTree",
    "player": 0,
    "position": [
      -638976,
      180224
    ]
  },
  "EBB84201-4521-0DAE-333D-C7A377E9961B": {
    "data": {
      "seed": 981
    },
    "facing": 1073741853,
    "kind": "DestructibleForest",
    "player": 0,
    "position": [
      327680,
      -393216
    ]
  },
  "EEC0E6CC-4DF0-AAAD-4F2A-F5BB2A7DFBFA": {
    "facing": 0,
    "kind": "ResourceB_Generator_2x2",
    "player": 0,
    "position": [
      425984,
      -1048576
    ]
  },
  "F1DFD593-4B7B-31AD-2293-67A7F1989186": {
    "data": {
      "seed": 23284
    },
    "facing": 1073741853,
    "kind": "DestructibleForest",
    "player": 0,
    "position": [
      360448,
      -393216
    ]
  },
  "F2BF6760-4172-8240-090D-9EAEAA5E5643": {
    "data": {
      "seed": 9057
    },
    "facing": 1031371491,
    "kind": "DestructibleForest",
    "player": 0,
    "position": [
      655360,
      -606208
    ]
  },
  "F348F55E-419E-07F4-1427-36A1A579A211": {
    "data": {
      "seed": 13568
    },
    "facing": 1073741853,
    "kind": "DestructibleForest",
    "player": 0,
    "position": [
      393216,
      -344064
    ]
  },
  "F427D7F3-48DE-0D94-0254-CB8F15775FD7": {
    "facing": 0,
    "kind": "ResourceB_Generator_2x2",
    "player": 0,
    "position": [
      1081344,
      425984
    ]
  },
  "F46D2708-4A69-C3BC-59A4-1FAF7DFA20A4": {
    "data": {
      "seed": 31940
    },
    "facing": 1073741853,
    "kind": "DestructibleForest",
    "player": 0,
    "position": [
      262144,
      -425984
    ]
  },
  "F4C85F4C-4B82-0881-03D5-168E2501D51D": {
    "data": {
      "seed": 12287
    },
    "facing": 1867570855,
    "kind": "DestructibleForest",
    "player": 0,
    "position": [
      573440,
      -802816
    ]
  },
  "F53E8EC0-4178-6A95-E802-F6ADF18176A9": {
    "data": {
      "seed": 6362
    },
    "facing": 342567138,
    "kind": "DestructibleForest",
    "player": 0,
    "position": [
      671744,
      -507904
    ]
  },
  "F75B1910-4844-9071-CE58-6A87954978C6": {
    "data": {
      "seed": 20522
    },
    "facing": 1736658699,
    "kind": "DestructibleForest",
    "player": 0,
    "position": [
      -622592,
      704512
    ]
  },
  "F85F616B-417A-5A39-D216-D0842FE00AC8": {
    "data": {
      "seed": 16776
    },
    "facing": 0,
    "kind": "DestructibleLightTree_NoConcealment",
    "player": 0,
    "position": [
      1064960,
      180224
    ]
  },
  "F9FEFF26-49AC-FA20-E7F8-328CB470A35E": {
    "data": {
      "seed": 981
    },
    "facing": 0,
    "kind": "DestructibleForest",
    "player": 0,
    "position": [
      -327680,
      360448
    ]
  },
  "FAEBB025-4522-E24A-2B5E-ABBB88F1F324": {
    "data": {
      "seed": 22704
    },
    "facing": 1997991476,
    "kind": "DestructibleForest",
    "player": 0,
    "position": [
      589824,
      -868352
    ]
  },
  "FD9EE159-4689-D769-88D8-88A7C43EF6AE": {
    "facing": 0,
    "kind": "MegaResourceA",
    "player": 0,
    "position": [
      622592,
      -966656
    ]
  },
  "FE3308C3-4DF3-B548-66CF-2EACFF74A306": {
    "data": {
      "seed": 31878
    },
    "facing": 0,
    "kind": "DestructibleLightTree_NoConcealment",
    "player": 0,
    "position": [
      1064960,
      245760
    ]
  },
  "FEADA39E-4473-D75E-CAEE-46824ED48663": {
    "data": {
      "seed": 15599
    },
    "facing": 461092629,
    "kind": "DestructibleForest",
    "player": 0,
    "position": [
      -622592,
      540672
    ]
  },
  "FF17533B-4847-7054-BAC3-F59AA2578F15": {
    "data": {
      "seed": 3036
    },
    "facing": 0,
    "kind": "DestructibleForest",
    "player": 0,
    "position": [
      -327680,
      425984
    ]
  },
  "FF9F4A14-4671-B3B5-104A-BF856C686180": {
    "data": {
      "seed": 31695
    },
    "facing": 1073741853,
    "kind": "DestructibleLightTree_NoConcealment",
    "player": 0,
    "position": [
      -1064960,
      -245760
    ]
  },
  "FFB48863-42D3-D834-6533-BFA2A20AC14F": {
    "data": {
      "seed": 17371
    },
    "facing": 1293556247,
    "kind": "DestructibleForest",
    "player": 0,
    "position": [
      -638976,
      638976
    ]
  },
  "version": 1
}