﻿{
  "__base_type": "TerrainTileset",
  "based_on": "TerrainTileset_ForestAutumn",
  "cliff_set_a": "DA_Cliffset_Sigma1",
  "cliff_set_b": "DA_Cliffset_Rand_A",
  "display_name": "",
  "doodad_aggregate_layer": "Moss",
  "id": "TerrainTileset_SigmaAutumn",
  "layer_1": "TerrainLayer_ForestAutumn_Mud",
  "layer_2": "TerrainLayer_ForestAutumn_Dirt",
  "layer_3": "TerrainLayer_ForestAutumn_DarkGrass",
  "layer_4": "TerrainLayer_ForestAutumn_GrassGround",
  "layer_5": "TerrainLayer_ForestAutumn_RockyGround",
  "layer_6": "TerrainLayer_SigmaStation_Concrete",
  "layer_7": "TerrainLayer_SigmaStation_ConcreteTiles",
  "layer_8": "TerrainLayer_InfernalStructure_MetalGround",
  "render_abyss": false,
  "water_table": "DA_WaterTable_ForestAutumn"
}